train_id,station_code,station_order,prev_delay,delay_arrival,target_delay,station_code_enc,train_id_enc,simulated_arrival_time
02501,KOAA,1,0.0,7,11.0,144,0,2024-01-01 00:07:00
02501,BDC,2,7.0,11,22.0,23,0,2024-01-01 01:11:00
02501,NDAE,3,11.0,22,19.0,185,0,2024-01-01 02:22:00
02501,KWAE,4,22.0,19,14.0,151,0,2024-01-01 03:19:00
02501,AZ,5,19.0,14,19.0,15,0,2024-01-01 04:14:00
02501,JRLE,6,14.0,19,73.0,127,0,2024-01-01 05:19:00
02501,MLDT,7,19.0,73,131.0,169,0,2024-01-01 07:13:00
02501,KNE,8,73.0,131,129.0,141,0,2024-01-01 09:11:00
02501,NJP,9,131.0,129,167.0,195,0,2024-01-01 10:09:00
02501,NCB,10,129.0,167,156.0,184,0,2024-01-01 11:47:00
02501,NOQ,11,167.0,156,175.0,203,0,2024-01-01 12:36:00
02501,KOJ,12,156.0,175,166.0,145,0,2024-01-01 13:55:00
02501,NBQ,13,175.0,166,169.0,183,0,2024-01-01 14:46:00
02501,GLPT,14,166.0,169,230.0,102,0,2024-01-01 15:49:00
02501,GHY,15,169.0,230,262.0,100,0,2024-01-01 17:50:00
02501,MYD,16,230.0,262,262.0,178,0,2024-01-01 19:22:00
02501,NHLG,17,262.0,262,237.0,193,0,2024-01-01 20:22:00
02501,BPB,18,262.0,237,247.0,41,0,2024-01-01 20:57:00
02501,NKMG,19,237.0,247,240.0,197,0,2024-01-01 22:07:00
02501,DMR,20,247.0,240,227.0,79,0,2024-01-01 23:00:00
02502,AGTL,1,0.0,3,16.0,5,1,2024-01-01 00:03:00
02502,DMR,2,3.0,16,18.0,79,1,2024-01-01 01:16:00
02502,NKMG,3,16.0,18,29.0,197,1,2024-01-01 02:18:00
02502,BPB,4,18.0,29,22.0,41,1,2024-01-01 03:29:00
02502,NHLG,5,29.0,22,18.0,193,1,2024-01-01 04:22:00
02502,MYD,6,22.0,18,36.0,178,1,2024-01-01 05:18:00
02502,GHY,7,18.0,36,88.0,100,1,2024-01-01 06:36:00
02502,GLPT,8,36.0,88,74.0,102,1,2024-01-01 08:28:00
02502,NBQ,9,88.0,74,85.0,183,1,2024-01-01 09:14:00
02502,KOJ,10,74.0,85,98.0,145,1,2024-01-01 10:25:00
02502,NOQ,11,85.0,98,127.0,203,1,2024-01-01 11:38:00
02502,NCB,12,98.0,127,98.0,184,1,2024-01-01 13:07:00
02502,NJP,13,127.0,98,118.0,195,1,2024-01-01 13:38:00
02502,KNE,14,98.0,118,132.0,141,1,2024-01-01 14:58:00
02502,MLDT,15,118.0,132,156.0,169,1,2024-01-01 16:12:00
02502,JRLE,16,132.0,156,155.0,127,1,2024-01-01 17:36:00
02502,AZ,17,156.0,155,157.0,15,1,2024-01-01 18:35:00
02502,KWAE,18,155.0,157,162.0,151,1,2024-01-01 19:37:00
02502,NDAE,19,157.0,162,166.0,185,1,2024-01-01 20:42:00
02502,BDC,20,162.0,166,165.0,23,1,2024-01-01 21:46:00
02517,KOAA,1,0.0,19,26.0,144,2,2024-01-01 00:19:00
02517,BDC,2,19.0,26,34.0,23,2,2024-01-01 01:26:00
02517,NDAE,3,26.0,34,33.0,185,2,2024-01-01 02:34:00
02517,KWAE,4,34.0,33,25.0,151,2,2024-01-01 03:33:00
02517,AZ,5,33.0,25,34.0,15,2,2024-01-01 04:25:00
02517,JRLE,6,25.0,34,75.0,127,2,2024-01-01 05:34:00
02517,MLDT,7,34.0,75,140.0,169,2,2024-01-01 07:15:00
02517,KNE,8,75.0,140,135.0,141,2,2024-01-01 09:20:00
02517,NJP,9,140.0,135,177.0,195,2,2024-01-01 10:15:00
02517,NCB,10,135.0,177,169.0,184,2,2024-01-01 11:57:00
02517,NOQ,11,177.0,169,191.0,203,2,2024-01-01 12:49:00
02517,KOJ,12,169.0,191,180.0,145,2,2024-01-01 14:11:00
02517,NBQ,13,191.0,180,194.0,183,2,2024-01-01 15:00:00
02517,GLPT,14,180.0,194,186.0,102,2,2024-01-01 16:14:00
02518,GHY,1,0.0,13,57.0,100,3,2024-01-01 00:13:00
02518,GLPT,2,13.0,57,42.0,102,3,2024-01-01 01:57:00
02518,NBQ,3,57.0,42,50.0,183,3,2024-01-01 02:42:00
02518,KOJ,4,42.0,50,65.0,145,3,2024-01-01 03:50:00
02518,NOQ,5,50.0,65,95.0,203,3,2024-01-01 05:05:00
02518,NCB,6,65.0,95,66.0,184,3,2024-01-01 06:35:00
02518,NJP,7,95.0,66,94.0,195,3,2024-01-01 07:06:00
02518,KNE,8,66.0,94,124.0,141,3,2024-01-01 08:34:00
02518,MLDT,9,94.0,124,146.0,169,3,2024-01-01 10:04:00
02518,JRLE,10,124.0,146,148.0,127,3,2024-01-01 11:26:00
02518,AZ,11,146.0,148,150.0,15,3,2024-01-01 12:28:00
02518,KWAE,12,148.0,150,158.0,151,3,2024-01-01 13:30:00
02518,NDAE,13,150.0,158,160.0,185,3,2024-01-01 14:38:00
02518,BDC,14,158.0,160,156.0,23,3,2024-01-01 15:40:00
05639,SCL,1,0.0,1,6.0,235,4,2024-01-01 00:01:00
05639,BPB,2,1.0,6,14.0,41,4,2024-01-01 01:06:00
05639,NHGJ,3,6.0,14,18.0,191,4,2024-01-01 02:14:00
05639,NHLG,4,14.0,18,27.0,193,4,2024-01-01 03:18:00
05639,MBG,5,18.0,27,13.0,164,4,2024-01-01 04:27:00
05639,LMG,6,27.0,13,16.0,160,4,2024-01-01 05:13:00
05639,LKA,7,13.0,16,18.0,156,4,2024-01-01 06:16:00
05639,HJI,8,16.0,18,62.0,108,4,2024-01-01 07:18:00
05639,GHY,9,18.0,62,78.0,100,4,2024-01-01 09:02:00
05639,KYQ,10,62.0,78,102.0,154,4,2024-01-01 10:18:00
05639,GLPT,11,78.0,102,83.0,102,4,2024-01-01 11:42:00
05639,NBQ,12,102.0,83,90.0,183,4,2024-01-01 12:23:00
05639,KOJ,13,83.0,90,105.0,145,4,2024-01-01 13:30:00
05639,GOGH,14,90.0,105,109.0,103,4,2024-01-01 14:45:00
05639,NOQ,15,105.0,109,130.0,203,4,2024-01-01 15:49:00
05639,NCB,16,109.0,130,121.0,184,4,2024-01-01 17:10:00
05639,DQG,17,130.0,121,112.0,83,4,2024-01-01 18:01:00
05639,NJP,18,121.0,112,126.0,195,4,2024-01-01 18:52:00
05639,AUB,19,112.0,126,136.0,13,4,2024-01-01 20:06:00
05639,KNE,20,126.0,136,151.0,141,4,2024-01-01 21:16:00
05639,BOE,21,136.0,151,159.0,39,4,2024-01-01 22:31:00
05639,KDPR,22,151.0,159,150.0,131,4,2024-01-01 23:39:00
05639,MLDT,23,159.0,150,168.0,169,4,2024-01-02 00:30:00
05639,JRLE,24,150.0,168,164.0,127,4,2024-01-02 01:48:00
05639,AZ,25,168.0,164,158.0,15,4,2024-01-02 02:44:00
05639,KWAE,26,164.0,158,148.0,151,4,2024-01-02 03:38:00
05639,BDC,27,158.0,148,147.0,23,4,2024-01-02 04:28:00
05639,NH,28,148.0,147,134.0,190,4,2024-01-02 05:27:00
05640,KOAA,1,0.0,161,153.0,144,5,2024-01-01 02:41:00
05640,NH,2,161.0,153,165.0,190,5,2024-01-01 03:33:00
05640,BDC,3,153.0,165,159.0,23,5,2024-01-01 04:45:00
05640,KWAE,4,165.0,159,137.0,151,5,2024-01-01 05:39:00
05640,AZ,5,159.0,137,126.0,15,5,2024-01-01 06:17:00
05640,JRLE,6,137.0,126,149.0,127,5,2024-01-01 07:06:00
05640,MLDT,7,126.0,149,167.0,169,5,2024-01-01 08:29:00
05640,KDPR,8,149.0,167,165.0,131,5,2024-01-01 09:47:00
05640,BOE,9,167.0,165,190.0,39,5,2024-01-01 10:45:00
05640,KNE,10,165.0,190,194.0,141,5,2024-01-01 12:10:00
05640,AUB,11,190.0,194,176.0,13,5,2024-01-01 13:14:00
05640,NJP,12,194.0,176,172.0,195,5,2024-01-01 13:56:00
05640,DQG,13,176.0,172,194.0,83,5,2024-01-01 14:52:00
05640,NCB,14,172.0,194,193.0,184,5,2024-01-01 16:14:00
05640,NOQ,15,194.0,193,210.0,203,5,2024-01-01 17:13:00
05640,GOGH,16,193.0,210,226.0,103,5,2024-01-01 18:30:00
05640,KOJ,17,210.0,226,238.0,145,5,2024-01-01 19:46:00
05640,NBQ,18,226.0,238,237.0,183,5,2024-01-01 20:58:00
05640,GLPT,19,238.0,237,237.0,102,5,2024-01-01 21:57:00
05640,KYQ,20,237.0,237,258.0,154,5,2024-01-01 22:57:00
05640,GHY,21,237.0,258,278.0,100,5,2024-01-02 00:18:00
05640,HJI,22,258.0,278,281.0,108,5,2024-01-02 01:38:00
05640,LKA,23,278.0,281,281.0,156,5,2024-01-02 02:41:00
05640,LMG,24,281.0,281,249.0,160,5,2024-01-02 03:41:00
05640,MBG,25,281.0,249,258.0,164,5,2024-01-02 04:09:00
05640,NHLG,26,249.0,258,264.0,193,5,2024-01-02 05:18:00
05640,NHGJ,27,258.0,264,239.0,191,5,2024-01-02 06:24:00
05640,BPB,28,264.0,239,224.0,41,5,2024-01-02 06:59:00
12346,GHY,1,0.0,15,16.0,100,6,2024-01-01 00:15:00
12346,KYQ,2,15.0,16,32.0,154,6,2024-01-01 01:16:00
12346,NBQ,3,16.0,32,39.0,183,6,2024-01-01 02:32:00
12346,NOQ,4,32.0,39,55.0,203,6,2024-01-01 03:39:00
12346,NCB,5,39.0,55,55.0,184,6,2024-01-01 04:55:00
12346,FLK,6,55.0,55,53.0,95,6,2024-01-01 05:55:00
12346,DQG,7,55.0,53,40.0,83,6,2024-01-01 06:53:00
12346,NJP,8,53.0,40,53.0,195,6,2024-01-01 07:40:00
12346,KNE,9,40.0,53,46.0,141,6,2024-01-01 08:53:00
12346,MLDT,10,53.0,46,43.0,169,6,2024-01-01 09:46:00
12346,NFK,11,46.0,43,59.0,187,6,2024-01-01 10:43:00
12346,RPH,12,43.0,59,71.0,230,6,2024-01-01 11:59:00
12346,BHP,13,59.0,71,58.0,29,6,2024-01-01 13:11:00
12346,BWN,14,71.0,58,49.0,53,6,2024-01-01 13:58:00
12423,DBRG,1,0.0,8,3.0,67,7,2024-01-01 00:08:00
12423,DBRT,2,8.0,3,9.0,68,7,2024-01-01 01:03:00
12423,NTSK,3,3.0,9,21.0,205,7,2024-01-01 02:09:00
12423,MXN,4,9.0,21,26.0,177,7,2024-01-01 03:21:00
12423,DMV,5,21.0,26,35.0,80,7,2024-01-01 04:26:00
12423,LMG,6,26.0,35,42.0,160,7,2024-01-01 05:35:00
12423,CPK,7,35.0,42,34.0,64,7,2024-01-01 06:42:00
12423,GHY,8,42.0,34,27.0,100,7,2024-01-01 07:34:00
12423,BNGN,9,34.0,27,44.0,37,7,2024-01-01 08:27:00
12423,NBQ,10,27.0,44,50.0,183,7,2024-01-01 09:44:00
12423,KOJ,11,44.0,50,67.0,145,7,2024-01-01 10:50:00
12423,NCB,12,50.0,67,48.0,184,7,2024-01-01 12:07:00
12423,NJP,13,67.0,48,57.0,195,7,2024-01-01 12:48:00
12423,KNE,14,48.0,57,50.0,141,7,2024-01-01 13:57:00
12423,KIR,15,57.0,50,53.0,136,7,2024-01-01 14:50:00
12423,NNA,16,50.0,53,60.0,201,7,2024-01-01 15:53:00
12423,BJU,17,53.0,60,42.0,32,7,2024-01-01 17:00:00
12423,PPTA,18,60.0,42,45.0,217,7,2024-01-01 17:42:00
12423,DNR,19,42.0,45,40.0,81,7,2024-01-01 18:45:00
12423,DDU,20,45.0,40,62.0,69,7,2024-01-01 19:40:00
12423,PRYJ,21,40.0,62,76.0,219,7,2024-01-01 21:02:00
12423,CNB,22,62.0,76,88.0,62,7,2024-01-01 22:16:00
12424,NDLS,1,0.0,5,21.0,186,8,2024-01-01 00:05:00
12424,CNB,2,5.0,21,39.0,62,8,2024-01-01 01:21:00
12424,PRYJ,3,21.0,39,33.0,219,8,2024-01-01 02:39:00
12424,DDU,4,39.0,33,46.0,69,8,2024-01-01 03:33:00
12424,DNR,5,33.0,46,36.0,81,8,2024-01-01 04:46:00
12424,PPTA,6,46.0,36,25.0,217,8,2024-01-01 05:36:00
12424,BJU,7,36.0,25,34.0,32,8,2024-01-01 06:25:00
12424,NNA,8,25.0,34,35.0,201,8,2024-01-01 07:34:00
12424,KIR,9,34.0,35,55.0,136,8,2024-01-01 08:35:00
12424,KNE,10,35.0,55,46.0,141,8,2024-01-01 09:55:00
12424,NJP,11,55.0,46,42.0,195,8,2024-01-01 10:46:00
12424,NCB,12,46.0,42,56.0,184,8,2024-01-01 11:42:00
12424,KOJ,13,42.0,56,47.0,145,8,2024-01-01 12:56:00
12424,NBQ,14,56.0,47,89.0,183,8,2024-01-01 13:47:00
12424,GHY,15,47.0,89,102.0,100,8,2024-01-01 15:29:00
12424,CPK,16,89.0,102,89.0,64,8,2024-01-01 16:42:00
12424,LMG,17,102.0,89,98.0,160,8,2024-01-01 17:29:00
12424,DMV,18,89.0,98,85.0,80,8,2024-01-01 18:38:00
12424,MXN,19,98.0,85,93.0,177,8,2024-01-01 19:25:00
12424,NTSK,20,85.0,93,91.0,205,8,2024-01-01 20:33:00
12424,DBRG,21,93.0,91,16.0,67,8,2024-01-01 21:31:00
12503,SMVB,1,0.0,166,182.0,243,9,2024-01-01 02:46:00
12503,WFD,2,166.0,182,205.0,267,9,2024-01-01 04:02:00
12503,KPD,3,182.0,205,209.0,147,9,2024-01-01 05:25:00
12503,PER,4,205.0,209,247.0,209,9,2024-01-01 06:29:00
12503,BZA,5,209.0,247,229.0,57,9,2024-01-01 08:07:00
12503,DVD,6,247.0,229,237.0,86,9,2024-01-01 08:49:00
12503,VSKP,7,229.0,237,243.0,265,9,2024-01-01 09:57:00
12503,VZM,8,237.0,243,247.0,266,9,2024-01-01 11:03:00
12503,CHE,9,243.0,247,243.0,59,9,2024-01-01 12:07:00
12503,PSA,10,247.0,243,259.0,220,9,2024-01-01 13:03:00
12503,BAM,11,243.0,259,285.0,18,9,2024-01-01 14:19:00
12503,KUR,12,259.0,285,289.0,150,9,2024-01-01 15:45:00
12503,BBS,13,285.0,289,299.0,22,9,2024-01-01 16:49:00
12503,CTC,14,289.0,299,277.0,66,9,2024-01-01 17:59:00
12503,BHC,15,299.0,277,314.0,28,9,2024-01-01 18:37:00
12503,KGP,16,277.0,314,329.0,134,9,2024-01-01 20:14:00
12503,ADL,17,314.0,329,331.0,2,9,2024-01-01 21:29:00
12503,DKAE,18,329.0,331,393.0,74,9,2024-01-01 22:31:00
12503,RPH,19,331.0,393,402.0,230,9,2024-01-02 00:33:00
12503,MLDT,20,393.0,402,450.0,169,9,2024-01-02 01:42:00
12503,KNE,21,402.0,450,438.0,141,9,2024-01-02 03:30:00
12503,NJP,22,450.0,438,456.0,195,9,2024-01-02 04:18:00
12503,NBQ,23,438.0,456,472.0,183,9,2024-01-02 05:36:00
12503,KYQ,24,456.0,472,497.0,154,9,2024-01-02 06:52:00
12503,GHY,25,472.0,497,518.0,100,9,2024-01-02 08:17:00
12503,NHLG,26,497.0,518,506.0,193,9,2024-01-02 09:38:00
12503,BPB,27,518.0,506,503.0,41,9,2024-01-02 10:26:00
12503,NKMG,28,506.0,503,493.0,197,9,2024-01-02 11:23:00
12503,DMR,29,503.0,493,492.0,79,9,2024-01-02 12:13:00
12503,ABSA,30,493.0,492,457.0,1,9,2024-01-02 13:12:00
12504,AGTL,1,0.0,60,72.0,5,10,2024-01-01 01:00:00
12504,ABSA,2,60.0,72,76.0,1,10,2024-01-01 02:12:00
12504,DMR,3,72.0,76,77.0,79,10,2024-01-01 03:16:00
12504,NKMG,4,76.0,77,86.0,197,10,2024-01-01 04:17:00
12504,BPB,5,77.0,86,92.0,41,10,2024-01-01 05:26:00
12504,NHLG,6,86.0,92,87.0,193,10,2024-01-01 06:32:00
12504,GHY,7,92.0,87,97.0,100,10,2024-01-01 07:27:00
12504,KYQ,8,87.0,97,81.0,154,10,2024-01-01 08:37:00
12504,NBQ,9,97.0,81,104.0,183,10,2024-01-01 09:21:00
12504,NJP,10,81.0,104,121.0,195,10,2024-01-01 10:44:00
12504,KNE,11,104.0,121,117.0,141,10,2024-01-01 12:01:00
12504,MLDT,12,121.0,117,152.0,169,10,2024-01-01 12:57:00
12504,RPH,13,117.0,152,165.0,230,10,2024-01-01 14:32:00
12504,DKAE,14,152.0,165,168.0,74,10,2024-01-01 15:45:00
12504,ADL,15,165.0,168,185.0,2,10,2024-01-01 16:48:00
12504,KGP,16,168.0,185,189.0,134,10,2024-01-01 18:05:00
12504,BHC,17,185.0,189,224.0,28,10,2024-01-01 19:09:00
12504,CTC,18,189.0,224,240.0,66,10,2024-01-01 20:44:00
12504,BBS,19,224.0,240,256.0,22,10,2024-01-01 22:00:00
12504,KUR,20,240.0,256,288.0,150,10,2024-01-01 23:16:00
12504,BAM,21,256.0,288,254.0,18,10,2024-01-02 00:48:00
12504,PSA,22,288.0,254,267.0,220,10,2024-01-02 01:14:00
12504,CHE,23,254.0,267,277.0,59,10,2024-01-02 02:27:00
12504,VZM,24,267.0,277,289.0,266,10,2024-01-02 03:37:00
12504,VSKP,25,277.0,289,286.0,265,10,2024-01-02 04:49:00
12504,DVD,26,289.0,286,345.0,86,10,2024-01-02 05:46:00
12504,BZA,27,286.0,345,381.0,57,10,2024-01-02 07:45:00
12504,PER,28,345.0,381,359.0,209,10,2024-01-02 09:21:00
12504,KPD,29,381.0,359,371.0,147,10,2024-01-02 09:59:00
12504,WFD,30,359.0,371,342.0,267,10,2024-01-02 11:11:00
12507,TVC,1,0.0,6,15.0,263,11,2024-01-01 00:06:00
12507,QLN,2,6.0,15,17.0,222,11,2024-01-01 01:15:00
12507,KYJ,3,15.0,17,19.0,152,11,2024-01-01 02:17:00
12507,MVLK,4,17.0,19,24.0,176,11,2024-01-01 03:19:00
12507,CNGR,5,19.0,24,27.0,63,11,2024-01-01 04:24:00
12507,TRVL,6,24.0,27,21.0,260,11,2024-01-01 05:27:00
12507,KTYM,7,27.0,21,18.0,149,11,2024-01-01 06:21:00
12507,ERN,8,21.0,18,20.0,90,11,2024-01-01 07:18:00
12507,AWY,9,18.0,20,26.0,14,11,2024-01-01 08:20:00
12507,TCR,10,20.0,26,17.0,256,11,2024-01-01 09:26:00
12507,PGT,11,26.0,17,23.0,211,11,2024-01-01 10:17:00
12507,CBE,12,17.0,23,28.0,58,11,2024-01-01 11:23:00
12507,TUP,13,23.0,28,34.0,262,11,2024-01-01 12:28:00
12507,ED,14,28.0,34,35.0,87,11,2024-01-01 13:34:00
12507,SA,15,34.0,35,29.0,231,11,2024-01-01 14:35:00
12507,JTJ,16,35.0,29,36.0,129,11,2024-01-01 15:29:00
12507,KPD,17,29.0,36,39.0,147,11,2024-01-01 16:36:00
12507,AJJ,18,36.0,39,45.0,7,11,2024-01-01 17:39:00
12507,PER,19,39.0,45,62.0,209,11,2024-01-01 18:45:00
12507,OGL,20,45.0,62,70.0,206,11,2024-01-01 20:02:00
12507,BZA,21,62.0,70,99.0,57,11,2024-01-01 21:10:00
12507,RJY,22,70.0,99,128.0,225,11,2024-01-01 22:39:00
12507,VSKP,23,99.0,128,139.0,265,11,2024-01-02 00:08:00
12507,VZM,24,128.0,139,145.0,266,11,2024-01-02 01:19:00
12507,CHE,25,139.0,145,135.0,59,11,2024-01-02 02:25:00
12507,PSA,26,145.0,135,144.0,220,11,2024-01-02 03:15:00
12507,BAM,27,135.0,144,169.0,18,11,2024-01-02 04:24:00
12507,BALU,28,144.0,169,167.0,17,11,2024-01-02 05:49:00
12507,KUR,29,169.0,167,176.0,150,11,2024-01-02 06:47:00
12507,BBS,30,167.0,176,170.0,22,11,2024-01-02 07:56:00
12507,CTC,31,176.0,170,186.0,66,11,2024-01-02 08:50:00
12507,JJKR,32,170.0,186,186.0,120,11,2024-01-02 10:06:00
12507,BHC,33,186.0,186,201.0,28,11,2024-01-02 11:06:00
12507,BLS,34,186.0,201,218.0,35,11,2024-01-02 12:21:00
12507,KGP,35,201.0,218,237.0,134,11,2024-01-02 13:38:00
12507,DKAE,36,218.0,237,299.0,74,11,2024-01-02 14:57:00
12507,BHP,37,237.0,299,321.0,29,11,2024-01-02 16:59:00
12507,RPH,38,299.0,321,339.0,230,11,2024-01-02 18:21:00
12507,PKR,39,321.0,339,314.0,212,11,2024-01-02 19:39:00
12507,MLDT,40,339.0,314,359.0,169,11,2024-01-02 20:14:00
12507,KNE,41,314.0,359,344.0,141,11,2024-01-02 21:59:00
12507,NJP,42,359.0,344,348.0,195,11,2024-01-02 22:44:00
12507,DQG,43,344.0,348,356.0,83,11,2024-01-02 23:48:00
12507,NCB,44,348.0,356,364.0,184,11,2024-01-03 00:56:00
12507,NOQ,45,356.0,364,373.0,203,11,2024-01-03 02:04:00
12507,KOJ,46,364.0,373,353.0,145,11,2024-01-03 03:13:00
12507,NBQ,47,373.0,353,388.0,183,11,2024-01-03 03:53:00
12507,BPRD,48,353.0,388,447.0,42,11,2024-01-03 05:28:00
12507,RNY,49,388.0,447,455.0,227,11,2024-01-03 07:27:00
12507,KYQ,50,447.0,455,475.0,154,11,2024-01-03 08:35:00
12507,GHY,51,455.0,475,529.0,100,11,2024-01-03 09:55:00
12507,HJI,52,475.0,529,567.0,108,11,2024-01-03 11:49:00
12507,LMG,53,529.0,567,570.0,160,11,2024-01-03 13:27:00
12507,MBG,54,567.0,570,552.0,164,11,2024-01-03 14:30:00
12507,NHLG,55,570.0,552,512.0,193,11,2024-01-03 15:12:00
12507,BPB,56,552.0,512,479.0,41,11,2024-01-03 15:32:00
12508,SCL,1,0.0,18,33.0,235,12,2024-01-01 00:18:00
12508,BPB,2,18.0,33,29.0,41,12,2024-01-01 01:33:00
12508,NHLG,3,33.0,29,25.0,193,12,2024-01-01 02:29:00
12508,MBG,4,29.0,25,46.0,164,12,2024-01-01 03:25:00
12508,LMG,5,25.0,46,51.0,160,12,2024-01-01 04:46:00
12508,HJI,6,46.0,51,78.0,108,12,2024-01-01 05:51:00
12508,GHY,7,51.0,78,82.0,100,12,2024-01-01 07:18:00
12508,KYQ,8,78.0,82,106.0,154,12,2024-01-01 08:22:00
12508,RNY,9,82.0,106,132.0,227,12,2024-01-01 09:46:00
12508,BPRD,10,106.0,132,219.0,42,12,2024-01-01 11:12:00
12508,BNGN,11,132.0,219,95.0,37,12,2024-01-01 13:39:00
12508,NBQ,12,219.0,95,105.0,183,12,2024-01-01 12:35:00
12508,KOJ,13,95.0,105,124.0,145,12,2024-01-01 13:45:00
12508,NOQ,14,105.0,124,132.0,203,12,2024-01-01 15:04:00
12508,NCB,15,124.0,132,137.0,184,12,2024-01-01 16:12:00
12508,DQG,16,132.0,137,109.0,83,12,2024-01-01 17:17:00
12508,NJP,17,137.0,109,133.0,195,12,2024-01-01 17:49:00
12508,KNE,18,109.0,133,113.0,141,12,2024-01-01 19:13:00
12508,MLDT,19,133.0,113,114.0,169,12,2024-01-01 19:53:00
12508,PKR,20,113.0,114,113.0,212,12,2024-01-01 20:54:00
12508,RPH,21,114.0,113,129.0,230,12,2024-01-01 21:53:00
12508,BHP,22,113.0,129,168.0,29,12,2024-01-01 23:09:00
12508,DKAE,23,129.0,168,170.0,74,12,2024-01-02 00:48:00
12508,KGP,24,168.0,170,177.0,134,12,2024-01-02 01:50:00
12508,BLS,25,170.0,177,192.0,35,12,2024-01-02 02:57:00
12508,BHC,26,177.0,192,200.0,28,12,2024-01-02 04:12:00
12508,JJKR,27,192.0,200,213.0,120,12,2024-01-02 05:20:00
12508,CTC,28,200.0,213,220.0,66,12,2024-01-02 06:33:00
12508,BBS,29,213.0,220,222.0,22,12,2024-01-02 07:40:00
12508,KUR,30,220.0,222,241.0,150,12,2024-01-02 08:42:00
12508,BALU,31,222.0,241,243.0,17,12,2024-01-02 10:01:00
12508,BAM,32,241.0,243,222.0,18,12,2024-01-02 11:03:00
12508,PSA,33,243.0,222,232.0,220,12,2024-01-02 11:42:00
12508,CHE,34,222.0,232,248.0,59,12,2024-01-02 12:52:00
12508,VZM,35,232.0,248,254.0,266,12,2024-01-02 14:08:00
12508,VSKP,36,248.0,254,284.0,265,12,2024-01-02 15:14:00
12508,RJY,37,254.0,284,291.0,225,12,2024-01-02 16:44:00
12508,BZA,38,284.0,291,312.0,57,12,2024-01-02 17:51:00
12508,PER,39,291.0,312,310.0,209,12,2024-01-02 19:12:00
12508,AJJ,40,312.0,310,305.0,7,12,2024-01-02 20:10:00
12508,KPD,41,310.0,305,302.0,147,12,2024-01-02 21:05:00
12508,JTJ,42,305.0,302,310.0,129,12,2024-01-02 22:02:00
12508,SA,43,302.0,310,309.0,231,12,2024-01-02 23:10:00
12508,ED,44,310.0,309,310.0,87,12,2024-01-03 00:09:00
12508,TUP,45,309.0,310,300.0,262,12,2024-01-03 01:10:00
12508,CBE,46,310.0,300,309.0,58,12,2024-01-03 02:00:00
12508,PGT,47,300.0,309,316.0,211,12,2024-01-03 03:09:00
12508,TCR,48,309.0,316,309.0,256,12,2024-01-03 04:16:00
12508,AWY,49,316.0,309,315.0,14,12,2024-01-03 05:09:00
12508,ERN,50,309.0,315,316.0,90,12,2024-01-03 06:15:00
12508,KTYM,51,315.0,316,314.0,149,12,2024-01-03 07:16:00
12508,TRVL,52,316.0,314,316.0,260,12,2024-01-03 08:14:00
12508,CNGR,53,314.0,316,318.0,63,12,2024-01-03 09:16:00
12508,MVLK,54,316.0,318,317.0,176,12,2024-01-03 10:18:00
12508,KYJ,55,318.0,317,317.0,152,12,2024-01-03 11:17:00
12508,QLN,56,317.0,317,292.0,222,12,2024-01-03 12:17:00
12509,SMVB,1,0.0,9,19.0,243,13,2024-01-01 00:09:00
12509,KJM,2,9.0,19,28.0,138,13,2024-01-01 01:19:00
12509,BWT,3,19.0,28,22.0,54,13,2024-01-01 02:28:00
12509,JTJ,4,28.0,22,26.0,129,13,2024-01-01 03:22:00
12509,KPD,5,22.0,26,32.0,147,13,2024-01-01 04:26:00
12509,AJJ,6,26.0,32,37.0,7,13,2024-01-01 05:32:00
12509,PER,7,32.0,37,40.0,209,13,2024-01-01 06:37:00
12509,OGL,8,37.0,40,47.0,206,13,2024-01-01 07:40:00
12509,BZA,9,40.0,47,90.0,57,13,2024-01-01 08:47:00
12509,RJY,10,47.0,90,93.0,225,13,2024-01-01 10:30:00
12509,VSKP,11,90.0,93,105.0,265,13,2024-01-01 11:33:00
12509,VZM,12,93.0,105,110.0,266,13,2024-01-01 12:45:00
12509,CHE,13,105.0,110,104.0,59,13,2024-01-01 13:50:00
12509,PSA,14,110.0,104,104.0,220,13,2024-01-01 14:44:00
12509,BAM,15,104.0,104,115.0,18,13,2024-01-01 15:44:00
12509,BALU,16,104.0,115,126.0,17,13,2024-01-01 16:55:00
12509,KUR,17,115.0,126,130.0,150,13,2024-01-01 18:06:00
12509,BBS,18,126.0,130,131.0,22,13,2024-01-01 19:10:00
12509,CTC,19,130.0,131,149.0,66,13,2024-01-01 20:11:00
12509,JJKR,20,131.0,149,126.0,120,13,2024-01-01 21:29:00
12509,BHC,21,149.0,126,139.0,28,13,2024-01-01 22:06:00
12509,BLS,22,126.0,139,148.0,35,13,2024-01-01 23:19:00
12509,KGP,23,139.0,148,155.0,134,13,2024-01-02 00:28:00
12509,DKAE,24,148.0,155,189.0,74,13,2024-01-02 01:35:00
12509,BHP,25,155.0,189,201.0,29,13,2024-01-02 03:09:00
12509,RPH,26,189.0,201,201.0,230,13,2024-01-02 04:21:00
12509,NFK,27,201.0,201,186.0,187,13,2024-01-02 05:21:00
12509,MLDT,28,201.0,186,225.0,169,13,2024-01-02 06:06:00
12509,BOE,29,186.0,225,244.0,39,13,2024-01-02 07:45:00
12509,KNE,30,225.0,244,230.0,141,13,2024-01-02 09:04:00
12509,NJP,31,244.0,230,233.0,195,13,2024-01-02 09:50:00
12509,JPE,32,230.0,233,240.0,126,13,2024-01-02 10:53:00
12509,DQG,33,233.0,240,247.0,83,13,2024-01-02 12:00:00
12509,NCB,34,240.0,247,250.0,184,13,2024-01-02 13:07:00
12509,NOQ,35,247.0,250,270.0,203,13,2024-01-02 14:10:00
12509,KOJ,36,250.0,270,255.0,145,13,2024-01-02 15:30:00
12509,NBQ,37,270.0,255,295.0,183,13,2024-01-02 16:15:00
12509,BPRD,38,255.0,295,329.0,42,13,2024-01-02 17:55:00
12509,RNY,39,295.0,329,326.0,227,13,2024-01-02 19:29:00
12509,KYQ,40,329.0,326,311.0,154,13,2024-01-02 20:26:00
12510,GHY,1,0.0,26,30.0,100,14,2024-01-01 00:26:00
12510,KYQ,2,26.0,30,49.0,154,14,2024-01-01 01:30:00
12510,RNY,3,30.0,49,83.0,227,14,2024-01-01 02:49:00
12510,BPRD,4,49.0,83,74.0,42,14,2024-01-01 04:23:00
12510,BNGN,5,83.0,74,55.0,37,14,2024-01-01 05:14:00
12510,NBQ,6,74.0,55,63.0,183,14,2024-01-01 05:55:00
12510,KOJ,7,55.0,63,80.0,145,14,2024-01-01 07:03:00
12510,NOQ,8,63.0,80,90.0,203,14,2024-01-01 08:20:00
12510,NCB,9,80.0,90,93.0,184,14,2024-01-01 09:30:00
12510,DQG,10,90.0,93,87.0,83,14,2024-01-01 10:33:00
12510,JPE,11,93.0,87,67.0,126,14,2024-01-01 11:27:00
12510,NJP,12,87.0,67,96.0,195,14,2024-01-01 12:07:00
12510,KNE,13,67.0,96,95.0,141,14,2024-01-01 13:36:00
12510,BOE,14,96.0,95,71.0,39,14,2024-01-01 14:35:00
12510,MLDT,15,95.0,71,81.0,169,14,2024-01-01 15:11:00
12510,NFK,16,71.0,81,73.0,187,14,2024-01-01 16:21:00
12510,RPH,17,81.0,73,90.0,230,14,2024-01-01 17:13:00
12510,BHP,18,73.0,90,118.0,29,14,2024-01-01 18:30:00
12510,DKAE,19,90.0,118,127.0,74,14,2024-01-01 19:58:00
12510,KGP,20,118.0,127,136.0,134,14,2024-01-01 21:07:00
12510,BLS,21,127.0,136,150.0,35,14,2024-01-01 22:16:00
12510,BHC,22,136.0,150,157.0,28,14,2024-01-01 23:30:00
12510,JJKR,23,150.0,157,175.0,120,14,2024-01-02 00:37:00
12510,CTC,24,157.0,175,178.0,66,14,2024-01-02 01:55:00
12510,BBS,25,175.0,178,180.0,22,14,2024-01-02 02:58:00
12510,KUR,26,178.0,180,200.0,150,14,2024-01-02 04:00:00
12510,BALU,27,180.0,200,205.0,17,14,2024-01-02 05:20:00
12510,BAM,28,200.0,205,191.0,18,14,2024-01-02 06:25:00
12510,PSA,29,205.0,191,201.0,220,14,2024-01-02 07:11:00
12510,CHE,30,191.0,201,204.0,59,14,2024-01-02 08:21:00
12510,VZM,31,201.0,204,210.0,266,14,2024-01-02 09:24:00
12510,VSKP,32,204.0,210,248.0,265,14,2024-01-02 10:30:00
12510,RJY,33,210.0,248,255.0,225,14,2024-01-02 12:08:00
12510,BZA,34,248.0,255,281.0,57,14,2024-01-02 13:15:00
12510,PER,35,255.0,281,286.0,209,14,2024-01-02 14:41:00
12510,AJJ,36,281.0,286,280.0,7,14,2024-01-02 15:46:00
12510,KPD,37,286.0,280,286.0,147,14,2024-01-02 16:40:00
12510,JTJ,38,280.0,286,301.0,129,14,2024-01-02 17:46:00
12510,BWT,39,286.0,301,296.0,54,14,2024-01-02 19:01:00
12510,KJM,40,301.0,296,282.0,138,14,2024-01-02 19:56:00
12515,CBE,1,0.0,7,20.0,58,15,2024-01-01 00:07:00
12515,TUP,2,7.0,20,25.0,262,15,2024-01-01 01:20:00
12515,ED,3,20.0,25,33.0,87,15,2024-01-01 02:25:00
12515,SA,4,25.0,33,31.0,231,15,2024-01-01 03:33:00
12515,JTJ,5,33.0,31,38.0,129,15,2024-01-01 04:31:00
12515,KPD,6,31.0,38,44.0,147,15,2024-01-01 05:38:00
12515,AJJ,7,38.0,44,48.0,7,15,2024-01-01 06:44:00
12515,PER,8,44.0,48,63.0,209,15,2024-01-01 07:48:00
12515,OGL,9,48.0,63,60.0,206,15,2024-01-01 09:03:00
12515,BZA,10,63.0,60,83.0,57,15,2024-01-01 10:00:00
12515,RJY,11,60.0,83,77.0,225,15,2024-01-01 11:23:00
12515,VSKP,12,83.0,77,87.0,265,15,2024-01-01 12:17:00
12515,VZM,13,77.0,87,92.0,266,15,2024-01-01 13:27:00
12515,CHE,14,87.0,92,81.0,59,15,2024-01-01 14:32:00
12515,PSA,15,92.0,81,82.0,220,15,2024-01-01 15:21:00
12515,BAM,16,81.0,82,92.0,18,15,2024-01-01 16:22:00
12515,BALU,17,82.0,92,104.0,17,15,2024-01-01 17:32:00
12515,KUR,18,92.0,104,105.0,150,15,2024-01-01 18:44:00
12515,BBS,19,104.0,105,113.0,22,15,2024-01-01 19:45:00
12515,CTC,20,105.0,113,130.0,66,15,2024-01-01 20:53:00
12515,JJKR,21,113.0,130,108.0,120,15,2024-01-01 22:10:00
12515,BHC,22,130.0,108,119.0,28,15,2024-01-01 22:48:00
12515,BLS,23,108.0,119,128.0,35,15,2024-01-01 23:59:00
12515,KGP,24,119.0,128,145.0,134,15,2024-01-02 01:08:00
12515,DKAE,25,128.0,145,165.0,74,15,2024-01-02 02:25:00
12515,BHP,26,145.0,165,177.0,29,15,2024-01-02 03:45:00
12515,RPH,27,165.0,177,172.0,230,15,2024-01-02 04:57:00
12515,NFK,28,177.0,172,158.0,187,15,2024-01-02 05:52:00
12515,MLDT,29,172.0,158,202.0,169,15,2024-01-02 06:38:00
12515,KNE,30,158.0,202,190.0,141,15,2024-01-02 08:22:00
12515,NJP,31,202.0,190,191.0,195,15,2024-01-02 09:10:00
12515,DQG,32,190.0,191,198.0,83,15,2024-01-02 10:11:00
12515,NCB,33,191.0,198,200.0,184,15,2024-01-02 11:18:00
12515,NOQ,34,198.0,200,217.0,203,15,2024-01-02 12:20:00
12515,KOJ,35,200.0,217,196.0,145,15,2024-01-02 13:37:00
12515,NBQ,36,217.0,196,217.0,183,15,2024-01-02 14:16:00
12515,BPRD,37,196.0,217,247.0,42,15,2024-01-02 15:37:00
12515,RNY,38,217.0,247,243.0,227,15,2024-01-02 17:07:00
12515,KYQ,39,247.0,243,276.0,154,15,2024-01-02 18:03:00
12515,GHY,40,243.0,276,317.0,100,15,2024-01-02 19:36:00
12515,HJI,41,276.0,317,324.0,108,15,2024-01-02 21:17:00
12515,LMG,42,317.0,324,338.0,160,15,2024-01-02 22:24:00
12515,MBG,43,324.0,338,342.0,164,15,2024-01-02 23:38:00
12515,NHLG,44,338.0,342,311.0,193,15,2024-01-03 00:42:00
12515,BPB,45,342.0,311,291.0,41,15,2024-01-03 01:11:00
12516,SCL,1,0.0,2,20.0,235,16,2024-01-01 00:02:00
12516,BPB,2,2.0,20,20.0,41,16,2024-01-01 01:20:00
12516,NHLG,3,20.0,20,45.0,193,16,2024-01-01 02:20:00
12516,MBG,4,20.0,45,25.0,164,16,2024-01-01 03:45:00
12516,LMG,5,45.0,25,29.0,160,16,2024-01-01 04:25:00
12516,HJI,6,25.0,29,55.0,108,16,2024-01-01 05:29:00
12516,GHY,7,29.0,55,62.0,100,16,2024-01-01 06:55:00
12516,KYQ,8,55.0,62,86.0,154,16,2024-01-01 08:02:00
12516,RNY,9,62.0,86,100.0,227,16,2024-01-01 09:26:00
12516,BPRD,10,86.0,100,64.0,42,16,2024-01-01 10:40:00
12516,BNGN,11,100.0,64,69.0,37,16,2024-01-01 11:04:00
12516,NBQ,12,64.0,69,75.0,183,16,2024-01-01 12:09:00
12516,KOJ,13,69.0,75,94.0,145,16,2024-01-01 13:15:00
12516,NOQ,14,75.0,94,101.0,203,16,2024-01-01 14:34:00
12516,NCB,15,94.0,101,102.0,184,16,2024-01-01 15:41:00
12516,DQG,16,101.0,102,74.0,83,16,2024-01-01 16:42:00
12516,NJP,17,102.0,74,98.0,195,16,2024-01-01 17:14:00
12516,KNE,18,74.0,98,75.0,141,16,2024-01-01 18:38:00
12516,MLDT,19,98.0,75,83.0,169,16,2024-01-01 19:15:00
12516,NFK,20,75.0,83,91.0,187,16,2024-01-01 20:23:00
12516,RPH,21,83.0,91,114.0,230,16,2024-01-01 21:31:00
12516,BHP,22,91.0,114,146.0,29,16,2024-01-01 22:54:00
12516,DKAE,23,114.0,146,149.0,74,16,2024-01-02 00:26:00
12516,KGP,24,146.0,149,158.0,134,16,2024-01-02 01:29:00
12516,BLS,25,149.0,158,181.0,35,16,2024-01-02 02:38:00
12516,BHC,26,158.0,181,190.0,28,16,2024-01-02 04:01:00
12516,JJKR,27,181.0,190,207.0,120,16,2024-01-02 05:10:00
12516,CTC,28,190.0,207,216.0,66,16,2024-01-02 06:27:00
12516,BBS,29,207.0,216,224.0,22,16,2024-01-02 07:36:00
12516,KUR,30,216.0,224,258.0,150,16,2024-01-02 08:44:00
12516,BALU,31,224.0,258,263.0,17,16,2024-01-02 10:18:00
12516,BAM,32,258.0,263,245.0,18,16,2024-01-02 11:23:00
12516,PSA,33,263.0,245,255.0,220,16,2024-01-02 12:05:00
12516,CHE,34,245.0,255,255.0,59,16,2024-01-02 13:15:00
12516,VZM,35,255.0,255,261.0,266,16,2024-01-02 14:15:00
12516,VSKP,36,255.0,261,295.0,265,16,2024-01-02 15:21:00
12516,RJY,37,261.0,295,308.0,225,16,2024-01-02 16:55:00
12516,BZA,38,295.0,308,328.0,57,16,2024-01-02 18:08:00
12516,PER,39,308.0,328,335.0,209,16,2024-01-02 19:28:00
12516,AJJ,40,328.0,335,334.0,7,16,2024-01-02 20:35:00
12516,KPD,41,335.0,334,336.0,147,16,2024-01-02 21:34:00
12516,JTJ,42,334.0,336,352.0,129,16,2024-01-02 22:36:00
12516,SA,43,336.0,352,356.0,231,16,2024-01-02 23:52:00
12516,ED,44,352.0,356,363.0,87,16,2024-01-03 00:56:00
12516,TUP,45,356.0,363,327.0,262,16,2024-01-03 02:03:00
12519,LTT,1,0.0,11,16.0,161,17,2024-01-01 00:11:00
12519,TNA,2,11.0,16,20.0,259,17,2024-01-01 01:16:00
12519,KYN,3,16.0,20,26.0,153,17,2024-01-01 02:20:00
12519,NK,4,20.0,26,33.0,196,17,2024-01-01 03:26:00
12519,MMR,5,26.0,33,45.0,170,17,2024-01-01 04:33:00
12519,JL,6,33.0,45,42.0,122,17,2024-01-01 05:45:00
12519,BSL,7,45.0,42,33.0,46,17,2024-01-01 06:42:00
12519,KNW,8,42.0,33,42.0,143,17,2024-01-01 07:33:00
12519,ET,9,33.0,42,50.0,91,17,2024-01-01 08:42:00
12519,JBP,10,42.0,50,61.0,116,17,2024-01-01 09:50:00
12519,KTE,11,50.0,61,69.0,148,17,2024-01-01 11:01:00
12519,STA,12,61.0,69,94.0,250,17,2024-01-01 12:09:00
12519,PCOI,13,69.0,94,105.0,208,17,2024-01-01 13:34:00
12519,MZP,14,94.0,105,79.0,180,17,2024-01-01 14:45:00
12519,DDU,15,105.0,79,117.0,69,17,2024-01-01 15:19:00
12519,DNR,16,79.0,117,112.0,81,17,2024-01-01 16:57:00
12519,PPTA,17,117.0,112,106.0,217,17,2024-01-01 17:52:00
12519,HJP,18,112.0,106,129.0,109,17,2024-01-01 18:46:00
12519,BJU,19,106.0,129,130.0,32,17,2024-01-01 20:09:00
12519,BGS,20,129.0,130,135.0,26,17,2024-01-01 21:10:00
12519,KGG,21,130.0,135,144.0,132,17,2024-01-01 22:15:00
12519,NNA,22,135.0,144,125.0,201,17,2024-01-01 23:24:00
12519,KIR,23,144.0,125,157.0,136,17,2024-01-02 00:05:00
12519,KNE,24,125.0,157,143.0,141,17,2024-01-02 01:37:00
12519,NJP,25,157.0,143,152.0,195,17,2024-01-02 02:23:00
12519,NCB,26,143.0,152,145.0,184,17,2024-01-02 03:32:00
12519,NBQ,27,152.0,145,188.0,183,17,2024-01-02 04:25:00
12519,RNY,28,145.0,188,168.0,227,17,2024-01-02 06:08:00
12519,KYQ,29,188.0,168,279.0,154,17,2024-01-02 06:48:00
12519,GHY,30,168.0,279,316.0,100,17,2024-01-02 09:39:00
12519,CPK,31,279.0,316,309.0,64,17,2024-01-02 11:16:00
12519,HJI,32,316.0,309,329.0,108,17,2024-01-02 12:09:00
12519,MYD,33,309.0,329,344.0,178,17,2024-01-02 13:29:00
12519,NHLG,34,329.0,344,313.0,193,17,2024-01-02 14:44:00
12519,BPB,35,344.0,313,285.0,41,17,2024-01-02 15:13:00
12519,DMR,36,313.0,285,275.0,79,17,2024-01-02 15:45:00
12519,ABSA,37,285.0,275,237.0,1,17,2024-01-02 16:35:00
12520,AGTL,1,0.0,14,27.0,5,18,2024-01-01 00:14:00
12520,ABSA,2,14.0,27,28.0,1,18,2024-01-01 01:27:00
12520,DMR,3,27.0,28,41.0,79,18,2024-01-01 02:28:00
12520,BPB,4,28.0,41,36.0,41,18,2024-01-01 03:41:00
12520,NHLG,5,41.0,36,26.0,193,18,2024-01-01 04:36:00
12520,MYD,6,36.0,26,43.0,178,18,2024-01-01 05:26:00
12520,HJI,7,26.0,43,80.0,108,18,2024-01-01 06:43:00
12520,CPK,8,43.0,80,85.0,64,18,2024-01-01 08:20:00
12520,GHY,9,80.0,85,48.0,100,18,2024-01-01 09:25:00
12520,KYQ,10,85.0,48,67.0,154,18,2024-01-01 09:48:00
12520,RNY,11,48.0,67,138.0,227,18,2024-01-01 11:07:00
12520,BNGN,12,67.0,138,66.0,37,18,2024-01-01 13:18:00
12520,NBQ,13,138.0,66,92.0,183,18,2024-01-01 13:06:00
12520,NCB,14,66.0,92,84.0,184,18,2024-01-01 14:32:00
12520,NJP,15,92.0,84,99.0,195,18,2024-01-01 15:24:00
12520,KNE,16,84.0,99,99.0,141,18,2024-01-01 16:39:00
12520,KIR,17,99.0,99,101.0,136,18,2024-01-01 17:39:00
12520,NNA,18,99.0,101,110.0,201,18,2024-01-01 18:41:00
12520,KGG,19,101.0,110,117.0,132,18,2024-01-01 19:50:00
12520,BGS,20,110.0,117,142.0,26,18,2024-01-01 20:57:00
12520,BJU,21,117.0,142,103.0,32,18,2024-01-01 22:22:00
12520,HJP,22,142.0,103,92.0,109,18,2024-01-01 22:43:00
12520,PPTA,23,103.0,92,103.0,217,18,2024-01-01 23:32:00
12520,DNR,24,92.0,103,84.0,81,18,2024-01-02 00:43:00
12520,DDU,25,103.0,84,103.0,69,18,2024-01-02 01:24:00
12520,MZP,26,84.0,103,121.0,180,18,2024-01-02 02:43:00
12520,PCOI,27,103.0,121,176.0,208,18,2024-01-02 04:01:00
12520,STA,28,121.0,176,193.0,250,18,2024-01-02 05:56:00
12520,KTE,29,176.0,193,205.0,148,18,2024-01-02 07:13:00
12520,JBP,30,193.0,205,188.0,116,18,2024-01-02 08:25:00
12520,ET,31,205.0,188,191.0,91,18,2024-01-02 09:08:00
12520,KNW,32,188.0,191,200.0,143,18,2024-01-02 10:11:00
12520,BSL,33,191.0,200,197.0,46,18,2024-01-02 11:20:00
12520,JL,34,200.0,197,222.0,122,18,2024-01-02 12:17:00
12520,MMR,35,197.0,222,231.0,170,18,2024-01-02 13:42:00
12520,NK,36,222.0,231,253.0,196,18,2024-01-02 14:51:00
12520,KYN,37,231.0,253,207.0,153,18,2024-01-02 16:13:00
12520,TNA,38,253.0,207,222.0,259,18,2024-01-02 16:27:00
13181,KOAA,1,0.0,1,15.0,144,19,2024-01-01 00:01:00
13181,BWN,2,1.0,15,18.0,53,19,2024-01-01 01:15:00
13181,BHP,3,15.0,18,32.0,29,19,2024-01-01 02:18:00
13181,RPH,4,18.0,32,33.0,230,19,2024-01-01 03:32:00
13181,MLDT,5,32.0,33,46.0,169,19,2024-01-01 04:33:00
13181,NJP,6,33.0,46,75.0,195,19,2024-01-01 05:46:00
13181,NCB,7,46.0,75,67.0,184,19,2024-01-01 07:15:00
13181,NOQ,8,75.0,67,68.0,203,19,2024-01-01 08:07:00
13181,FKM,9,67.0,68,44.0,94,19,2024-01-01 09:08:00
13181,NBQ,10,68.0,44,72.0,183,19,2024-01-01 09:44:00
13181,KYQ,11,44.0,72,79.0,154,19,2024-01-01 11:12:00
13181,GHY,12,72.0,79,83.0,100,19,2024-01-01 12:19:00
13181,JID,13,79.0,83,90.0,118,19,2024-01-01 13:23:00
13181,CPK,14,83.0,90,84.0,64,19,2024-01-01 14:30:00
13181,NGAN,15,90.0,84,83.0,188,19,2024-01-01 15:24:00
13181,JKB,16,84.0,83,69.0,121,19,2024-01-01 16:23:00
13182,SHTT,1,0.0,3,3.0,240,20,2024-01-01 00:03:00
13182,JKB,2,3.0,3,4.0,121,20,2024-01-01 01:03:00
13182,NGAN,3,3.0,4,10.0,188,20,2024-01-01 02:04:00
13182,CPK,4,4.0,10,13.0,64,20,2024-01-01 03:10:00
13182,JID,5,10.0,13,17.0,118,20,2024-01-01 04:13:00
13182,GHY,6,13.0,17,20.0,100,20,2024-01-01 05:17:00
13182,KYQ,7,17.0,20,27.0,154,20,2024-01-01 06:20:00
13182,NBQ,8,20.0,27,39.0,183,20,2024-01-01 07:27:00
13182,FKM,9,27.0,39,47.0,94,20,2024-01-01 08:39:00
13182,NOQ,10,39.0,47,71.0,203,20,2024-01-01 09:47:00
13182,NCB,11,47.0,71,37.0,184,20,2024-01-01 11:11:00
13182,NJP,12,71.0,37,29.0,195,20,2024-01-01 11:37:00
13182,MLDT,13,37.0,29,60.0,169,20,2024-01-01 12:29:00
13182,RPH,14,29.0,60,72.0,230,20,2024-01-01 14:00:00
13182,BHP,15,60.0,72,68.0,29,20,2024-01-01 15:12:00
13182,BWN,16,72.0,68,56.0,53,20,2024-01-01 16:08:00
14037,SCL,1,0.0,2,22.0,235,21,2024-01-01 00:02:00
14037,BPB,2,2.0,22,17.0,41,21,2024-01-01 01:22:00
14037,NHLG,3,22.0,17,19.0,193,21,2024-01-01 02:17:00
14037,LMG,4,17.0,19,2.0,160,21,2024-01-01 03:19:00
14037,GHY,5,19.0,2,32.0,100,21,2024-01-01 04:02:00
14037,GLPT,6,2.0,32,18.0,102,21,2024-01-01 05:32:00
14037,NBQ,7,32.0,18,30.0,183,21,2024-01-01 06:18:00
14037,NJP,8,18.0,30,23.0,195,21,2024-01-01 07:30:00
14037,KIR,9,30.0,23,46.0,136,21,2024-01-01 08:23:00
14037,BJU,10,23.0,46,40.0,32,21,2024-01-01 09:46:00
14037,PPTA,11,46.0,40,40.0,217,21,2024-01-01 10:40:00
14037,DDU,12,40.0,40,84.0,69,21,2024-01-01 11:40:00
14037,PRYJ,13,40.0,84,109.0,219,21,2024-01-01 13:24:00
14037,CNB,14,84.0,109,139.0,62,21,2024-01-01 14:49:00
14038,NDLS,1,0.0,31,97.0,186,22,2024-01-01 00:31:00
14038,CNB,2,31.0,97,124.0,62,22,2024-01-01 02:37:00
14038,PRYJ,3,97.0,124,137.0,219,22,2024-01-01 04:04:00
14038,DDU,4,124.0,137,165.0,69,22,2024-01-01 05:17:00
14038,PPTA,5,137.0,165,249.0,217,22,2024-01-01 06:45:00
14038,BJU,6,165.0,249,198.0,32,22,2024-01-01 09:09:00
14038,KIR,7,249.0,198,215.0,136,22,2024-01-01 09:18:00
14038,NJP,8,198.0,215,229.0,195,22,2024-01-01 10:35:00
14038,NBQ,9,215.0,229,242.0,183,22,2024-01-01 11:49:00
14038,GLPT,10,229.0,242,237.0,102,22,2024-01-01 13:02:00
14038,GHY,11,242.0,237,286.0,100,22,2024-01-01 13:57:00
14038,LMG,12,237.0,286,269.0,160,22,2024-01-01 15:46:00
14038,NHLG,13,286.0,269,259.0,193,22,2024-01-01 16:29:00
14038,BPB,14,269.0,259,181.0,41,22,2024-01-01 17:19:00
14619,AGTL,1,0.0,41,57.0,5,23,2024-01-01 00:41:00
14619,ABSA,2,41.0,57,52.0,1,23,2024-01-01 01:57:00
14619,DMR,3,57.0,52,53.0,79,23,2024-01-01 02:52:00
14619,PTKD,4,52.0,53,51.0,221,23,2024-01-01 03:53:00
14619,NKMG,5,53.0,51,56.0,197,23,2024-01-01 04:51:00
14619,BPB,6,51.0,56,56.0,41,23,2024-01-01 05:56:00
14619,NHLG,7,56.0,56,66.0,193,23,2024-01-01 06:56:00
14619,LMG,8,56.0,66,65.0,160,23,2024-01-01 08:06:00
14619,HJI,9,66.0,65,70.0,108,23,2024-01-01 09:05:00
14619,JID,10,65.0,70,44.0,118,23,2024-01-01 10:10:00
14619,GHY,11,70.0,44,56.0,100,23,2024-01-01 10:44:00
14619,NBQ,12,44.0,56,82.0,183,23,2024-01-01 11:56:00
14619,NJP,13,56.0,82,69.0,195,23,2024-01-01 13:22:00
14619,KIR,14,82.0,69,92.0,136,23,2024-01-01 14:09:00
14619,BJU,15,69.0,92,81.0,32,23,2024-01-01 15:32:00
14619,PPTA,16,92.0,81,92.0,217,23,2024-01-01 16:21:00
14619,DDU,17,81.0,92,145.0,69,23,2024-01-01 17:32:00
14619,PRYJ,18,92.0,145,186.0,219,23,2024-01-01 19:25:00
14619,CNB,19,145.0,186,262.0,62,23,2024-01-01 21:06:00
14619,NDLS,20,186.0,262,295.0,186,23,2024-01-01 23:22:00
14619,SSB,21,262.0,295,305.0,249,23,2024-01-02 00:55:00
14619,ROK,22,295.0,305,319.0,228,23,2024-01-02 02:05:00
14619,BNW,23,305.0,319,325.0,38,23,2024-01-02 03:19:00
14619,HSR,24,319.0,325,328.0,114,23,2024-01-02 04:25:00
14619,ADR,25,325.0,328,311.0,3,23,2024-01-02 05:28:00
14619,SSA,26,328.0,311,320.0,248,23,2024-01-02 06:11:00
14619,KNL,27,311.0,320,263.0,142,23,2024-01-02 07:20:00
14619,BTI,28,320.0,263,286.0,49,23,2024-01-02 07:23:00
14619,KKP,29,263.0,286,289.0,139,23,2024-01-02 08:46:00
14619,FDK,30,286.0,289,265.0,92,23,2024-01-02 09:49:00
14620,FZR,1,0.0,6,15.0,97,24,2024-01-01 00:06:00
14620,FDK,2,6.0,15,17.0,92,24,2024-01-01 01:15:00
14620,KKP,3,15.0,17,4.0,139,24,2024-01-01 02:17:00
14620,BTI,4,17.0,4,21.0,49,24,2024-01-01 03:04:00
14620,KNL,5,4.0,21,7.0,142,24,2024-01-01 04:21:00
14620,SSA,6,21.0,7,20.0,248,24,2024-01-01 05:07:00
14620,ADR,7,7.0,20,11.0,3,24,2024-01-01 06:20:00
14620,HSR,8,20.0,11,15.0,114,24,2024-01-01 07:11:00
14620,BNW,9,11.0,15,10.0,38,24,2024-01-01 08:15:00
14620,ROK,10,15.0,10,19.0,228,24,2024-01-01 09:10:00
14620,SSB,11,10.0,19,16.0,249,24,2024-01-01 10:19:00
14620,NDLS,12,19.0,16,123.0,186,24,2024-01-01 11:16:00
14620,CNB,13,16.0,123,159.0,62,24,2024-01-01 14:03:00
14620,PRYJ,14,123.0,159,171.0,219,24,2024-01-01 15:39:00
14620,DDU,15,159.0,171,202.0,69,24,2024-01-01 16:51:00
14620,PPTA,16,171.0,202,235.0,217,24,2024-01-01 18:22:00
14620,BJU,17,202.0,235,229.0,32,24,2024-01-01 19:55:00
14620,KIR,18,235.0,229,251.0,136,24,2024-01-01 20:49:00
14620,NJP,19,229.0,251,262.0,195,24,2024-01-01 22:11:00
14620,NBQ,20,251.0,262,276.0,183,24,2024-01-01 23:22:00
14620,GHY,21,262.0,276,292.0,100,24,2024-01-02 00:36:00
14620,JID,22,276.0,292,311.0,118,24,2024-01-02 01:52:00
14620,HJI,23,292.0,311,336.0,108,24,2024-01-02 03:11:00
14620,LMG,24,311.0,336,322.0,160,24,2024-01-02 04:36:00
14620,NHLG,25,336.0,322,305.0,193,24,2024-01-02 05:22:00
14620,BPB,26,322.0,305,299.0,41,24,2024-01-02 06:05:00
14620,NKMG,27,305.0,299,295.0,197,24,2024-01-02 06:59:00
14620,PTKD,28,299.0,295,302.0,221,24,2024-01-02 07:55:00
14620,DMR,29,295.0,302,285.0,79,24,2024-01-02 09:02:00
14620,ABSA,30,302.0,285,230.0,1,24,2024-01-02 09:45:00
15629,TBM,1,0.0,11,15.0,255,25,2024-01-01 00:11:00
15629,MS,2,11.0,15,20.0,173,25,2024-01-01 01:15:00
15629,NLR,3,15.0,20,33.0,198,25,2024-01-01 02:20:00
15629,OGL,4,20.0,33,51.0,206,25,2024-01-01 03:33:00
15629,BZA,5,33.0,51,63.0,57,25,2024-01-01 04:51:00
15629,EE,6,51.0,63,93.0,88,25,2024-01-01 06:03:00
15629,RJY,7,63.0,93,37.0,225,25,2024-01-01 07:33:00
15629,VSKP,8,93.0,37,25.0,265,25,2024-01-01 07:37:00
15629,BAM,9,37.0,25,34.0,18,25,2024-01-01 08:25:00
15629,KUR,10,25.0,34,47.0,150,25,2024-01-01 09:34:00
15629,BBS,11,34.0,47,48.0,22,25,2024-01-01 10:47:00
15629,CTC,12,47.0,48,54.0,66,25,2024-01-01 11:48:00
15629,BLS,13,48.0,54,56.0,35,25,2024-01-01 12:54:00
15629,HIJ,14,54.0,56,77.0,107,25,2024-01-01 13:56:00
15629,TATA,15,56.0,77,109.0,254,25,2024-01-01 15:17:00
15629,PRR,16,77.0,109,110.0,218,25,2024-01-01 16:49:00
15629,JOC,17,109.0,110,112.0,125,25,2024-01-01 17:50:00
15629,ASN,18,110.0,112,115.0,12,25,2024-01-01 18:52:00
15629,UDL,19,112.0,115,125.0,264,25,2024-01-01 19:55:00
15629,DGR,20,115.0,125,172.0,72,25,2024-01-01 21:05:00
15629,SURI,21,125.0,172,160.0,251,25,2024-01-01 22:52:00
15629,RPH,22,172.0,160,187.0,230,25,2024-01-01 23:40:00
15629,PKR,23,160.0,187,194.0,212,25,2024-01-02 01:07:00
15629,NFK,24,187.0,194,189.0,187,25,2024-01-02 02:14:00
15629,MLDT,25,194.0,189,211.0,169,25,2024-01-02 03:09:00
15629,BOE,26,189.0,211,226.0,39,25,2024-01-02 04:31:00
15629,KNE,27,211.0,226,202.0,141,25,2024-01-02 05:46:00
15629,NJP,28,226.0,202,193.0,195,25,2024-01-02 06:22:00
15629,NMX,29,202.0,193,198.0,200,25,2024-01-02 07:13:00
15629,DQG,30,193.0,198,201.0,83,25,2024-01-02 08:18:00
15629,NCB,31,198.0,201,201.0,184,25,2024-01-02 09:21:00
15629,NOQ,32,201.0,201,214.0,203,25,2024-01-02 10:21:00
15629,FKM,33,201.0,214,218.0,94,25,2024-01-02 11:34:00
15629,KOJ,34,214.0,218,201.0,145,25,2024-01-02 12:38:00
15629,NBQ,35,218.0,201,225.0,183,25,2024-01-02 13:21:00
15629,RNY,36,201.0,225,198.0,227,25,2024-01-02 14:45:00
15629,KYQ,37,225.0,198,212.0,154,25,2024-01-02 15:18:00
15629,GHY,38,198.0,212,213.0,100,25,2024-01-02 16:32:00
15629,JID,39,212.0,213,212.0,118,25,2024-01-02 17:33:00
15629,CPK,40,213.0,212,207.0,64,25,2024-01-02 18:32:00
15629,NGAN,41,212.0,207,201.0,188,25,2024-01-02 19:27:00
15629,JKB,42,207.0,201,184.0,121,25,2024-01-02 20:21:00
15630,SHTT,1,0.0,66,65.0,240,26,2024-01-01 01:06:00
15630,JKB,2,66.0,65,67.0,121,26,2024-01-01 02:05:00
15630,NGAN,3,65.0,67,79.0,188,26,2024-01-01 03:07:00
15630,CPK,4,67.0,79,88.0,64,26,2024-01-01 04:19:00
15630,JID,5,79.0,88,78.0,118,26,2024-01-01 05:28:00
15630,GHY,6,88.0,78,84.0,100,26,2024-01-01 06:18:00
15630,KYQ,7,78.0,84,112.0,154,26,2024-01-01 07:24:00
15630,RNY,8,84.0,112,231.0,227,26,2024-01-01 08:52:00
15630,BNGN,9,112.0,231,104.0,37,26,2024-01-01 11:51:00
15630,NBQ,10,231.0,104,115.0,183,26,2024-01-01 10:44:00
15630,KOJ,11,104.0,115,119.0,145,26,2024-01-01 11:55:00
15630,FKM,12,115.0,119,130.0,94,26,2024-01-01 12:59:00
15630,NOQ,13,119.0,130,133.0,203,26,2024-01-01 14:10:00
15630,NCB,14,130.0,133,137.0,184,26,2024-01-01 15:13:00
15630,DQG,15,133.0,137,138.0,83,26,2024-01-01 16:17:00
15630,NMX,16,137.0,138,102.0,200,26,2024-01-01 17:18:00
15630,NJP,17,138.0,102,115.0,195,26,2024-01-01 17:42:00
15630,KNE,18,102.0,115,127.0,141,26,2024-01-01 18:55:00
15630,BOE,19,115.0,127,92.0,39,26,2024-01-01 20:07:00
15630,MLDT,20,127.0,92,95.0,169,26,2024-01-01 20:32:00
15630,NFK,21,92.0,95,92.0,187,26,2024-01-01 21:35:00
15630,PKR,22,95.0,92,102.0,212,26,2024-01-01 22:32:00
15630,RPH,23,92.0,102,104.0,230,26,2024-01-01 23:42:00
15630,SURI,24,102.0,104,109.0,251,26,2024-01-02 00:44:00
15630,UDL,25,104.0,109,126.0,264,26,2024-01-02 01:49:00
15630,DGR,26,109.0,126,114.0,72,26,2024-01-02 03:06:00
15630,ASN,27,126.0,114,119.0,12,26,2024-01-02 03:54:00
15630,JOC,28,114.0,119,121.0,125,26,2024-01-02 04:59:00
15630,PRR,29,119.0,121,133.0,218,26,2024-01-02 06:01:00
15630,TATA,30,121.0,133,129.0,254,26,2024-01-02 07:13:00
15630,HIJ,31,133.0,129,129.0,107,26,2024-01-02 08:09:00
15630,BLS,32,129.0,129,150.0,35,26,2024-01-02 09:09:00
15630,CTC,33,129.0,150,158.0,66,26,2024-01-02 10:30:00
15630,BBS,34,150.0,158,158.0,22,26,2024-01-02 11:38:00
15630,KUR,35,158.0,158,181.0,150,26,2024-01-02 12:38:00
15630,BAM,36,158.0,181,136.0,18,26,2024-01-02 14:01:00
15630,VSKP,37,181.0,136,171.0,265,26,2024-01-02 14:16:00
15630,RJY,38,136.0,171,187.0,225,26,2024-01-02 15:51:00
15630,EE,39,171.0,187,170.0,88,26,2024-01-02 17:07:00
15630,BZA,40,187.0,170,197.0,57,26,2024-01-02 17:50:00
15630,OGL,41,170.0,197,183.0,206,26,2024-01-02 19:17:00
15630,NLR,42,197.0,183,107.0,198,26,2024-01-02 20:03:00
15630,MS,43,183.0,107,97.0,173,26,2024-01-02 19:47:00
15647,LTT,1,0.0,22,37.0,161,27,2024-01-01 00:22:00
15647,KYN,2,22.0,37,30.0,153,27,2024-01-01 01:37:00
15647,NK,3,37.0,30,37.0,196,27,2024-01-01 02:30:00
15647,MMR,4,30.0,37,48.0,170,27,2024-01-01 03:37:00
15647,BSL,5,37.0,48,52.0,46,27,2024-01-01 04:48:00
15647,BAU,6,48.0,52,45.0,20,27,2024-01-01 05:52:00
15647,KNW,7,52.0,45,52.0,143,27,2024-01-01 06:45:00
15647,HD,8,45.0,52,51.0,106,27,2024-01-01 07:52:00
15647,ET,9,52.0,51,59.0,91,27,2024-01-01 08:51:00
15647,PPI,10,51.0,59,63.0,216,27,2024-01-01 09:59:00
15647,JBP,11,59.0,63,99.0,116,27,2024-01-01 11:03:00
15647,KTE,12,63.0,99,41.0,148,27,2024-01-01 12:39:00
15647,MYR,13,99.0,41,112.0,179,27,2024-01-01 12:41:00
15647,STA,14,41.0,112,130.0,250,27,2024-01-01 14:52:00
15647,PCOI,15,112.0,130,140.0,208,27,2024-01-01 16:10:00
15647,MZP,16,130.0,140,122.0,180,27,2024-01-01 17:20:00
15647,DDU,17,140.0,122,123.0,69,27,2024-01-01 18:02:00
15647,DLN,18,122.0,123,121.0,78,27,2024-01-01 19:03:00
15647,BXR,19,123.0,121,126.0,56,27,2024-01-01 20:01:00
15647,DURE,20,121.0,126,121.0,85,27,2024-01-01 21:06:00
15647,ARA,21,126.0,121,124.0,11,27,2024-01-01 22:01:00
15647,DNR,22,121.0,124,101.0,81,27,2024-01-01 23:04:00
15647,PNBE,23,124.0,101,115.0,214,27,2024-01-01 23:41:00
15647,PNC,24,101.0,115,126.0,215,27,2024-01-02 00:55:00
15647,FUT,25,115.0,126,129.0,96,27,2024-01-02 02:06:00
15647,KOO,26,126.0,129,135.0,146,27,2024-01-02 03:09:00
15647,BKP,27,129.0,135,145.0,33,27,2024-01-02 04:15:00
15647,BARH,28,135.0,145,145.0,19,27,2024-01-02 05:25:00
15647,MKA,29,145.0,145,151.0,168,27,2024-01-02 06:25:00
15647,HTZ,30,145.0,151,155.0,115,27,2024-01-02 07:31:00
15647,BRYA,31,151.0,155,141.0,43,27,2024-01-02 08:35:00
15647,LKR,32,155.0,141,101.0,158,27,2024-01-02 09:21:00
15647,KIUL,33,141.0,101,112.0,137,27,2024-01-02 09:41:00
15647,AHA,34,101.0,112,96.0,6,27,2024-01-02 10:52:00
15647,JMP,35,112.0,96,101.0,124,27,2024-01-02 11:36:00
15647,BUP,36,96.0,101,100.0,52,27,2024-01-02 12:41:00
15647,SGG,37,101.0,100,90.0,237,27,2024-01-02 13:40:00
15647,BGP,38,100.0,90,96.0,25,27,2024-01-02 14:30:00
15647,CLG,39,90.0,96,91.0,61,27,2024-01-02 15:36:00
15647,SBG,40,96.0,91,84.0,234,27,2024-01-02 16:31:00
15647,BHW,41,91.0,84,88.0,31,27,2024-01-02 17:24:00
15647,NFK,42,84.0,88,84.0,187,27,2024-01-02 18:28:00
15647,MLDT,43,88.0,84,119.0,169,27,2024-01-02 19:24:00
15647,KNE,44,84.0,119,109.0,141,27,2024-01-02 20:59:00
15647,NJP,45,119.0,109,111.0,195,27,2024-01-02 21:49:00
15647,DQG,46,109.0,111,112.0,83,27,2024-01-02 22:51:00
15647,NCB,47,111.0,112,112.0,184,27,2024-01-02 23:52:00
15647,NOQ,48,112.0,112,112.0,203,27,2024-01-03 00:52:00
15647,NBQ,49,112.0,112,121.0,183,27,2024-01-03 01:52:00
15647,BPRD,50,112.0,121,132.0,42,27,2024-01-03 03:01:00
15647,RNY,51,121.0,132,126.0,227,27,2024-01-03 04:12:00
15647,KYQ,52,132.0,126,114.0,154,27,2024-01-03 05:06:00
15648,GHY,1,0.0,47,56.0,100,28,2024-01-01 00:47:00
15648,KYQ,2,47.0,56,74.0,154,28,2024-01-01 01:56:00
15648,RNY,3,56.0,74,122.0,227,28,2024-01-01 03:14:00
15648,BPRD,4,74.0,122,30.0,42,28,2024-01-01 05:02:00
15648,BNGN,5,122.0,30,74.0,37,28,2024-01-01 04:30:00
15648,NBQ,6,30.0,74,84.0,183,28,2024-01-01 06:14:00
15648,NOQ,7,74.0,84,92.0,203,28,2024-01-01 07:24:00
15648,NCB,8,84.0,92,95.0,184,28,2024-01-01 08:32:00
15648,DQG,9,92.0,95,63.0,83,28,2024-01-01 09:35:00
15648,NJP,10,95.0,63,77.0,195,28,2024-01-01 10:03:00
15648,KNE,11,63.0,77,58.0,141,28,2024-01-01 11:17:00
15648,MLDT,12,77.0,58,64.0,169,28,2024-01-01 11:58:00
15648,NFK,13,58.0,64,60.0,187,28,2024-01-01 13:04:00
15648,BHW,14,64.0,60,62.0,31,28,2024-01-01 14:00:00
15648,SBG,15,60.0,62,68.0,234,28,2024-01-01 15:02:00
15648,CLG,16,62.0,68,56.0,61,28,2024-01-01 16:08:00
15648,BGP,17,68.0,56,61.0,25,28,2024-01-01 16:56:00
15648,SGG,18,56.0,61,59.0,237,28,2024-01-01 18:01:00
15648,BUP,19,61.0,59,56.0,52,28,2024-01-01 18:59:00
15648,JMP,20,59.0,56,62.0,124,28,2024-01-01 19:56:00
15648,AHA,21,56.0,62,54.0,6,28,2024-01-01 21:02:00
15648,KIUL,22,62.0,54,57.0,137,28,2024-01-01 21:54:00
15648,LKR,23,54.0,57,63.0,158,28,2024-01-01 22:57:00
15648,BRYA,24,57.0,63,65.0,43,28,2024-01-02 00:03:00
15648,HTZ,25,63.0,65,67.0,115,28,2024-01-02 01:05:00
15648,MKA,26,65.0,67,79.0,168,28,2024-01-02 02:07:00
15648,BARH,27,67.0,79,80.0,19,28,2024-01-02 03:19:00
15648,BKP,28,79.0,80,85.0,33,28,2024-01-02 04:20:00
15648,KOO,29,80.0,85,89.0,146,28,2024-01-02 05:25:00
15648,FUT,30,85.0,89,83.0,96,28,2024-01-02 06:29:00
15648,PNC,31,89.0,83,85.0,215,28,2024-01-02 07:23:00
15648,PNBE,32,83.0,85,95.0,214,28,2024-01-02 08:25:00
15648,DNR,33,85.0,95,107.0,81,28,2024-01-02 09:35:00
15648,ARA,34,95.0,107,117.0,11,28,2024-01-02 10:47:00
15648,DURE,35,107.0,117,115.0,85,28,2024-01-02 11:57:00
15648,BXR,36,117.0,115,124.0,56,28,2024-01-02 12:55:00
15648,DLN,37,115.0,124,92.0,78,28,2024-01-02 14:04:00
15648,DDU,38,124.0,92,105.0,69,28,2024-01-02 14:32:00
15648,MZP,39,92.0,105,132.0,180,28,2024-01-02 15:45:00
15648,PCOI,40,105.0,132,159.0,208,28,2024-01-02 17:12:00
15648,STA,41,132.0,159,64.0,250,28,2024-01-02 18:39:00
15648,MYR,42,159.0,64,172.0,179,28,2024-01-02 18:04:00
15648,KTE,43,64.0,172,182.0,148,28,2024-01-02 20:52:00
15648,JBP,44,172.0,182,204.0,116,28,2024-01-02 22:02:00
15648,PPI,45,182.0,204,182.0,216,28,2024-01-02 23:24:00
15648,ET,46,204.0,182,203.0,91,28,2024-01-03 00:02:00
15648,HD,47,182.0,203,190.0,106,28,2024-01-03 01:23:00
15648,KNW,48,203.0,190,192.0,143,28,2024-01-03 02:10:00
15648,BAU,49,190.0,192,195.0,20,28,2024-01-03 03:12:00
15648,BSL,50,192.0,195,205.0,46,28,2024-01-03 04:15:00
15648,MMR,51,195.0,205,207.0,170,28,2024-01-03 05:25:00
15648,NK,52,205.0,207,215.0,196,28,2024-01-03 06:27:00
15648,KYN,53,207.0,215,164.0,153,28,2024-01-03 07:35:00
15648,TNA,54,215.0,164,151.0,259,28,2024-01-03 07:44:00
15909,DBRG,1,0.0,8,10.0,67,29,2024-01-01 00:08:00
15909,NTSK,2,8.0,10,22.0,205,29,2024-01-01 01:10:00
15909,BOJ,3,10.0,22,25.0,40,29,2024-01-01 02:22:00
15909,SLGR,4,22.0,25,25.0,241,29,2024-01-01 03:25:00
15909,MXN,5,25.0,25,10.0,177,29,2024-01-01 04:25:00
15909,FKG,6,25.0,10,16.0,93,29,2024-01-01 05:10:00
15909,SZR,7,10.0,16,24.0,253,29,2024-01-01 06:16:00
15909,DMV,8,16.0,24,30.0,80,29,2024-01-01 07:24:00
15909,DPU,9,24.0,30,26.0,82,29,2024-01-01 08:30:00
15909,LMG,10,30.0,26,39.0,160,29,2024-01-01 09:26:00
15909,HJI,11,26.0,39,48.0,108,29,2024-01-01 10:39:00
15909,CPK,12,39.0,48,58.0,64,29,2024-01-01 11:48:00
15909,JID,13,48.0,58,17.0,118,29,2024-01-01 12:58:00
15909,GHY,14,58.0,17,18.0,100,29,2024-01-01 13:17:00
15909,KYQ,15,17.0,18,25.0,154,29,2024-01-01 14:18:00
15909,RNY,16,18.0,25,50.0,227,29,2024-01-01 15:25:00
15909,BPRD,17,25.0,50,29.0,42,29,2024-01-01 16:50:00
15909,BNGN,18,50.0,29,39.0,37,29,2024-01-01 17:29:00
15909,NBQ,19,29.0,39,48.0,183,29,2024-01-01 18:39:00
15909,NOQ,20,39.0,48,46.0,203,29,2024-01-01 19:48:00
15909,NCB,21,48.0,46,47.0,184,29,2024-01-01 20:46:00
15909,DQG,22,46.0,47,49.0,83,29,2024-01-01 21:47:00
15909,JPE,23,47.0,49,45.0,126,29,2024-01-01 22:49:00
15909,NJP,24,49.0,45,59.0,195,29,2024-01-01 23:45:00
15909,AUB,25,45.0,59,62.0,13,29,2024-01-02 00:59:00
15909,KNE,26,59.0,62,68.0,141,29,2024-01-02 02:02:00
15909,DLK,27,62.0,68,68.0,77,29,2024-01-02 03:08:00
15909,BOE,28,68.0,68,72.0,39,29,2024-01-02 04:08:00
15909,AZR,29,68.0,72,31.0,16,29,2024-01-02 05:12:00
15909,KIR,30,72.0,31,44.0,136,29,2024-01-02 05:31:00
15909,NNA,31,31.0,44,49.0,201,29,2024-01-02 06:44:00
15909,THB,32,44.0,49,60.0,257,29,2024-01-02 07:49:00
15909,MNE,33,49.0,60,66.0,171,29,2024-01-02 09:00:00
15909,KGG,34,60.0,66,77.0,132,29,2024-01-02 10:06:00
15909,BGS,35,66.0,77,71.0,26,29,2024-01-02 11:17:00
15909,BJU,36,77.0,71,86.0,32,29,2024-01-02 12:11:00
15909,DSS,37,71.0,86,81.0,84,29,2024-01-02 13:26:00
15909,SPJ,38,86.0,81,92.0,245,29,2024-01-02 14:21:00
15909,MFP,39,81.0,92,96.0,166,29,2024-01-02 15:32:00
15909,HJP,40,92.0,96,102.0,109,29,2024-01-02 16:36:00
15909,SEE,41,96.0,102,72.0,236,29,2024-01-02 17:42:00
15909,CPR,42,102.0,72,81.0,65,29,2024-01-02 18:12:00
15909,EKMA,43,72.0,81,59.0,89,29,2024-01-02 19:21:00
15909,SV,44,81.0,59,65.0,252,29,2024-01-02 19:59:00
15909,BHTR,45,59.0,65,64.0,30,29,2024-01-02 21:05:00
15909,BTT,46,65.0,64,63.0,50,29,2024-01-02 22:04:00
15909,DEOS,47,64.0,63,78.0,70,29,2024-01-02 23:03:00
15909,GKP,48,63.0,78,81.0,101,29,2024-01-03 00:18:00
15909,KLD,49,78.0,81,86.0,140,29,2024-01-03 01:21:00
15909,BST,50,81.0,86,94.0,48,29,2024-01-03 02:26:00
15909,MUR,51,86.0,94,100.0,175,29,2024-01-03 03:34:00
15909,GD,52,94.0,100,96.0,99,29,2024-01-03 04:40:00
15909,BBK,53,100.0,96,84.0,21,29,2024-01-03 05:36:00
15909,LKO,54,96.0,84,79.0,157,29,2024-01-03 06:24:00
15909,BLM,55,84.0,79,90.0,34,29,2024-01-03 07:19:00
15909,HRI,56,79.0,90,70.0,112,29,2024-01-03 08:30:00
15909,SPN,57,90.0,70,70.0,246,29,2024-01-03 09:10:00
15909,BE,58,70.0,70,89.0,24,29,2024-01-03 10:10:00
15909,RMU,59,70.0,89,89.0,226,29,2024-01-03 11:29:00
15909,MB,60,89.0,89,94.0,163,29,2024-01-03 12:29:00
15909,AMRO,61,89.0,94,103.0,9,29,2024-01-03 13:34:00
15909,HPU,62,94.0,103,105.0,111,29,2024-01-03 14:43:00
15909,PKW,63,103.0,105,112.0,213,29,2024-01-03 15:45:00
15909,GZB,64,105.0,112,129.0,104,29,2024-01-03 16:52:00
15909,DLI,65,112.0,129,135.0,76,29,2024-01-03 18:09:00
15909,DKZ,66,129.0,135,144.0,75,29,2024-01-03 19:15:00
15909,SSB,67,135.0,144,150.0,249,29,2024-01-03 20:24:00
15909,NNO,68,144.0,150,154.0,202,29,2024-01-03 21:30:00
15909,BGZ,69,150.0,154,154.0,27,29,2024-01-03 22:34:00
15909,ROK,70,154.0,154,159.0,228,29,2024-01-03 23:34:00
15909,JIND,71,154.0,159,164.0,119,29,2024-01-04 00:39:00
15909,NRW,72,159.0,164,164.0,204,29,2024-01-04 01:44:00
15909,TUN,73,164.0,164,162.0,261,29,2024-01-04 02:44:00
15909,JHL,74,164.0,162,163.0,117,29,2024-01-04 03:42:00
15909,BRZ,75,162.0,163,164.0,44,29,2024-01-04 04:43:00
15909,BLZ,76,163.0,164,165.0,36,29,2024-01-04 05:44:00
15909,MSZ,77,164.0,165,168.0,174,29,2024-01-04 06:45:00
15909,MAUR,78,165.0,168,124.0,162,29,2024-01-04 07:48:00
15909,BTI,79,168.0,124,142.0,49,29,2024-01-04 08:04:00
15909,MBY,80,124.0,142,151.0,165,29,2024-01-04 09:22:00
15909,SGRA,81,142.0,151,139.0,238,29,2024-01-04 10:31:00
15909,HMH,82,151.0,139,142.0,110,29,2024-01-04 11:19:00
15909,PGK,83,139.0,142,139.0,210,29,2024-01-04 12:22:00
15909,SOG,84,142.0,139,149.0,244,29,2024-01-04 13:19:00
15909,MHJ,85,139.0,149,153.0,167,29,2024-01-04 14:29:00
15909,LKS,86,149.0,153,107.0,159,29,2024-01-04 15:33:00
15910,LGH,1,0.0,11,18.0,155,30,2024-01-01 00:11:00
15910,LKS,2,11.0,18,28.0,159,30,2024-01-01 01:18:00
15910,MHJ,3,18.0,28,21.0,167,30,2024-01-01 02:28:00
15910,SOG,4,28.0,21,23.0,244,30,2024-01-01 03:21:00
15910,PGK,5,21.0,23,23.0,210,30,2024-01-01 04:23:00
15910,HMH,6,23.0,23,27.0,110,30,2024-01-01 05:23:00
15910,SGRA,7,23.0,27,31.0,238,30,2024-01-01 06:27:00
15910,MBY,8,27.0,31,11.0,165,30,2024-01-01 07:31:00
15910,BTI,9,31.0,11,20.0,49,30,2024-01-01 08:11:00
15910,MAUR,10,11.0,20,21.0,162,30,2024-01-01 09:20:00
15910,MSZ,11,20.0,21,22.0,174,30,2024-01-01 10:21:00
15910,BLZ,12,21.0,22,24.0,36,30,2024-01-01 11:22:00
15910,BRZ,13,22.0,24,25.0,44,30,2024-01-01 12:24:00
15910,JHL,14,24.0,25,26.0,117,30,2024-01-01 13:25:00
15910,TUN,15,25.0,26,28.0,261,30,2024-01-01 14:26:00
15910,NRW,16,26.0,28,29.0,204,30,2024-01-01 15:28:00
15910,JIND,17,28.0,29,30.0,119,30,2024-01-01 16:29:00
15910,ROK,18,29.0,30,29.0,228,30,2024-01-01 17:30:00
15910,BGZ,19,30.0,29,26.0,27,30,2024-01-01 18:29:00
15910,SSB,20,29.0,26,31.0,249,30,2024-01-01 19:26:00
15910,DKZ,21,26.0,31,30.0,75,30,2024-01-01 20:31:00
15910,DLI,22,31.0,30,29.0,76,30,2024-01-01 21:30:00
15910,GZB,23,30.0,29,36.0,104,30,2024-01-01 22:29:00
15910,PKW,24,29.0,36,39.0,213,30,2024-01-01 23:36:00
15910,HPU,25,36.0,39,48.0,111,30,2024-01-02 00:39:00
15910,AMRO,26,39.0,48,52.0,9,30,2024-01-02 01:48:00
15910,MB,27,48.0,52,67.0,163,30,2024-01-02 02:52:00
15910,RMU,28,52.0,67,89.0,226,30,2024-01-02 04:07:00
15910,BE,29,67.0,89,99.0,24,30,2024-01-02 05:29:00
15910,SPN,30,89.0,99,108.0,246,30,2024-01-02 06:39:00
15910,HRI,31,99.0,108,115.0,112,30,2024-01-02 07:48:00
15910,BLM,32,108.0,115,118.0,34,30,2024-01-02 08:55:00
15910,LKO,33,115.0,118,103.0,157,30,2024-01-02 09:58:00
15910,BBK,34,118.0,103,112.0,21,30,2024-01-02 10:43:00
15910,JLD,35,103.0,112,108.0,123,30,2024-01-02 11:52:00
15910,GD,36,112.0,108,114.0,99,30,2024-01-02 12:48:00
15910,MUR,37,108.0,114,117.0,175,30,2024-01-02 13:54:00
15910,BST,38,114.0,117,119.0,48,30,2024-01-02 14:57:00
15910,KLD,39,117.0,119,93.0,140,30,2024-01-02 15:59:00
15910,GKP,40,119.0,93,99.0,101,30,2024-01-02 16:33:00
15910,DEOS,41,93.0,99,100.0,70,30,2024-01-02 17:39:00
15910,BTT,42,99.0,100,105.0,50,30,2024-01-02 18:40:00
15910,BHTR,43,100.0,105,88.0,30,30,2024-01-02 19:45:00
15910,SV,44,105.0,88,88.0,252,30,2024-01-02 20:28:00
15910,EKMA,45,88.0,88,77.0,89,30,2024-01-02 21:28:00
15910,CPR,46,88.0,77,78.0,65,30,2024-01-02 22:17:00
15910,SEE,47,77.0,78,80.0,236,30,2024-01-02 23:18:00
15910,HJP,48,78.0,80,94.0,109,30,2024-01-03 00:20:00
15910,MFP,49,80.0,94,100.0,166,30,2024-01-03 01:34:00
15910,SPJ,50,94.0,100,108.0,245,30,2024-01-03 02:40:00
15910,DSS,51,100.0,108,101.0,84,30,2024-01-03 03:48:00
15910,BJU,52,108.0,101,109.0,32,30,2024-01-03 04:41:00
15910,BGS,53,101.0,109,121.0,26,30,2024-01-03 05:49:00
15910,KGG,54,109.0,121,124.0,132,30,2024-01-03 07:01:00
15910,MNE,55,121.0,124,127.0,171,30,2024-01-03 08:04:00
15910,THB,56,124.0,127,132.0,257,30,2024-01-03 09:07:00
15910,NNA,57,127.0,132,101.0,201,30,2024-01-03 10:12:00
15910,KIR,58,132.0,101,114.0,136,30,2024-01-03 10:41:00
15910,AZR,59,101.0,114,120.0,16,30,2024-01-03 11:54:00
15910,BOE,60,114.0,120,132.0,39,30,2024-01-03 13:00:00
15910,DLK,61,120.0,132,138.0,77,30,2024-01-03 14:12:00
15910,KNE,62,132.0,138,145.0,141,30,2024-01-03 15:18:00
15910,AUB,63,138.0,145,142.0,13,30,2024-01-03 16:25:00
15910,NJP,64,145.0,142,120.0,195,30,2024-01-03 17:22:00
15910,JPE,65,142.0,120,123.0,126,30,2024-01-03 18:00:00
15910,DQG,66,120.0,123,121.0,83,30,2024-01-03 19:03:00
15910,NCB,67,123.0,121,120.0,184,30,2024-01-03 20:01:00
15910,NOQ,68,121.0,120,108.0,203,30,2024-01-03 21:00:00
15910,NBQ,69,120.0,108,128.0,183,30,2024-01-03 21:48:00
15910,BPRD,70,108.0,128,147.0,42,30,2024-01-03 23:08:00
15910,RNY,71,128.0,147,142.0,227,30,2024-01-04 00:27:00
15910,KYQ,72,147.0,142,160.0,154,30,2024-01-04 01:22:00
15910,GHY,73,142.0,160,177.0,100,30,2024-01-04 02:40:00
15910,JID,74,160.0,177,183.0,118,30,2024-01-04 03:57:00
15910,CPK,75,177.0,183,187.0,64,30,2024-01-04 05:03:00
15910,HJI,76,183.0,187,176.0,108,30,2024-01-04 06:07:00
15910,LMG,77,187.0,176,182.0,160,30,2024-01-04 06:56:00
15910,DPU,78,176.0,182,189.0,82,30,2024-01-04 08:02:00
15910,DMV,79,182.0,189,189.0,80,30,2024-01-04 09:09:00
15910,SZR,80,189.0,189,169.0,253,30,2024-01-04 10:09:00
15910,FKG,81,189.0,169,182.0,93,30,2024-01-04 10:49:00
15910,MXN,82,169.0,182,189.0,177,30,2024-01-04 12:02:00
15910,SLGR,83,182.0,189,182.0,241,30,2024-01-04 13:09:00
15910,BOJ,84,189.0,182,189.0,40,30,2024-01-04 14:02:00
15910,NTSK,85,182.0,189,167.0,205,30,2024-01-04 15:09:00
15945,LTT,1,0.0,11,26.0,161,31,2024-01-01 00:11:00
15945,KYN,2,11.0,26,18.0,153,31,2024-01-01 01:26:00
15945,NK,3,26.0,18,20.0,196,31,2024-01-01 02:18:00
15945,MMR,4,18.0,20,24.0,170,31,2024-01-01 03:20:00
15945,BSL,5,20.0,24,25.0,46,31,2024-01-01 04:24:00
15945,BAU,6,24.0,25,17.0,20,31,2024-01-01 05:25:00
15945,KNW,7,25.0,17,25.0,143,31,2024-01-01 06:17:00
15945,HD,8,17.0,25,27.0,106,31,2024-01-01 07:25:00
15945,ET,9,25.0,27,42.0,91,31,2024-01-01 08:27:00
15945,JBP,10,27.0,42,72.0,116,31,2024-01-01 09:42:00
15945,KTE,11,42.0,72,32.0,148,31,2024-01-01 11:12:00
15945,MYR,12,72.0,32,81.0,179,31,2024-01-01 11:32:00
15945,STA,13,32.0,81,85.0,250,31,2024-01-01 13:21:00
15945,PCOI,14,81.0,85,93.0,208,31,2024-01-01 14:25:00
15945,MZP,15,85.0,93,79.0,180,31,2024-01-01 15:33:00
15945,DDU,16,93.0,79,75.0,69,31,2024-01-01 16:19:00
15945,DLN,17,79.0,75,74.0,78,31,2024-01-01 17:15:00
15945,BXR,18,75.0,74,76.0,56,31,2024-01-01 18:14:00
15945,DURE,19,74.0,76,72.0,85,31,2024-01-01 19:16:00
15945,ARA,20,76.0,72,80.0,11,31,2024-01-01 20:12:00
15945,DNR,21,72.0,80,60.0,81,31,2024-01-01 21:20:00
15945,PNBE,22,80.0,60,68.0,214,31,2024-01-01 22:00:00
15945,PNC,23,60.0,68,77.0,215,31,2024-01-01 23:08:00
15945,BKP,24,68.0,77,86.0,33,31,2024-01-02 00:17:00
15945,BARH,25,77.0,86,88.0,19,31,2024-01-02 01:26:00
15945,MKA,26,86.0,88,66.0,168,31,2024-01-02 02:28:00
15945,NBJU,27,88.0,66,69.0,182,31,2024-01-02 03:06:00
15945,BGS,28,66.0,69,68.0,26,31,2024-01-02 04:09:00
15945,KGG,29,69.0,68,68.0,132,31,2024-01-02 05:08:00
15945,MNE,30,68.0,68,70.0,171,31,2024-01-02 06:08:00
15945,THB,31,68.0,70,73.0,257,31,2024-01-02 07:10:00
15945,NNA,32,70.0,73,62.0,201,31,2024-01-02 08:13:00
15945,KIR,33,73.0,62,84.0,136,31,2024-01-02 09:02:00
15945,BOE,34,62.0,84,95.0,39,31,2024-01-02 10:24:00
15945,KNE,35,84.0,95,94.0,141,31,2024-01-02 11:35:00
15945,NJP,36,95.0,94,86.0,195,31,2024-01-02 12:34:00
15945,DQG,37,94.0,86,88.0,83,31,2024-01-02 13:26:00
15945,NCB,38,86.0,88,90.0,184,31,2024-01-02 14:28:00
15945,NOQ,39,88.0,90,105.0,203,31,2024-01-02 15:30:00
15945,KOJ,40,90.0,105,89.0,145,31,2024-01-02 16:45:00
15945,NBQ,41,105.0,89,115.0,183,31,2024-01-02 17:29:00
15945,BPRD,42,89.0,115,148.0,42,31,2024-01-02 18:55:00
15945,RNY,43,115.0,148,127.0,227,31,2024-01-02 20:28:00
15945,KYQ,44,148.0,127,126.0,154,31,2024-01-02 21:07:00
15945,GHY,45,127.0,126,162.0,100,31,2024-01-02 22:06:00
15945,HJI,46,126.0,162,163.0,108,31,2024-01-02 23:42:00
15945,LMG,47,162.0,163,173.0,160,31,2024-01-03 00:43:00
15945,DPU,48,163.0,173,180.0,82,31,2024-01-03 01:53:00
15945,DMV,49,173.0,180,145.0,80,31,2024-01-03 03:00:00
15945,FKG,50,180.0,145,154.0,93,31,2024-01-03 03:25:00
15945,MXN,51,145.0,154,159.0,177,31,2024-01-03 04:34:00
15945,SLGR,52,154.0,159,156.0,241,31,2024-01-03 05:39:00
15945,NTSK,53,159.0,156,131.0,205,31,2024-01-03 06:36:00
15946,DBRG,1,0.0,2,9.0,67,32,2024-01-01 00:02:00
15946,NTSK,2,2.0,9,12.0,205,32,2024-01-01 01:09:00
15946,SLGR,3,9.0,12,12.0,241,32,2024-01-01 02:12:00
15946,MXN,4,12.0,12,2.0,177,32,2024-01-01 03:12:00
15946,FKG,5,12.0,2,11.0,93,32,2024-01-01 04:02:00
15946,DMV,6,2.0,11,12.0,80,32,2024-01-01 05:11:00
15946,DPU,7,11.0,12,12.0,82,32,2024-01-01 06:12:00
15946,LMG,8,12.0,12,17.0,160,32,2024-01-01 07:12:00
15946,HJI,9,12.0,17,22.0,108,32,2024-01-01 08:17:00
15946,CPK,10,17.0,22,42.0,64,32,2024-01-01 09:22:00
15946,GHY,11,22.0,42,40.0,100,32,2024-01-01 10:42:00
15946,KYQ,12,42.0,40,43.0,154,32,2024-01-01 11:40:00
15946,RNY,13,40.0,43,75.0,227,32,2024-01-01 12:43:00
15946,BPRD,14,43.0,75,102.0,42,32,2024-01-01 14:15:00
15946,BNGN,15,75.0,102,60.0,37,32,2024-01-01 15:42:00
15946,NBQ,16,102.0,60,60.0,183,32,2024-01-01 16:00:00
15946,KOJ,17,60.0,60,69.0,145,32,2024-01-01 17:00:00
15946,NOQ,18,60.0,69,72.0,203,32,2024-01-01 18:09:00
15946,NCB,19,69.0,72,74.0,184,32,2024-01-01 19:12:00
15946,DQG,20,72.0,74,45.0,83,32,2024-01-01 20:14:00
15946,NJP,21,74.0,45,55.0,195,32,2024-01-01 20:45:00
15946,KNE,22,45.0,55,58.0,141,32,2024-01-01 21:55:00
15946,BOE,23,55.0,58,28.0,39,32,2024-01-01 22:58:00
15946,KIR,24,58.0,28,38.0,136,32,2024-01-01 23:28:00
15946,NNA,25,28.0,38,39.0,201,32,2024-01-02 00:38:00
15946,THB,26,38.0,39,44.0,257,32,2024-01-02 01:39:00
15946,MNE,27,39.0,44,47.0,171,32,2024-01-02 02:44:00
15946,KGG,28,44.0,47,66.0,132,32,2024-01-02 03:47:00
15946,BGS,29,47.0,66,39.0,26,32,2024-01-02 05:06:00
15946,NBJU,30,66.0,39,49.0,182,32,2024-01-02 05:39:00
15946,MKA,31,39.0,49,68.0,168,32,2024-01-02 06:49:00
15946,BARH,32,49.0,68,72.0,19,32,2024-01-02 08:08:00
15946,BKP,33,68.0,72,51.0,33,32,2024-01-02 09:12:00
15946,PNC,34,72.0,51,33.0,215,32,2024-01-02 09:51:00
15946,PNBE,35,51.0,33,36.0,214,32,2024-01-02 10:33:00
15946,DNR,36,33.0,36,44.0,81,32,2024-01-02 11:36:00
15946,ARA,37,36.0,44,34.0,11,32,2024-01-02 12:44:00
15946,DURE,38,44.0,34,31.0,85,32,2024-01-02 13:34:00
15946,BXR,39,34.0,31,39.0,56,32,2024-01-02 14:31:00
15946,DLN,40,31.0,39,29.0,78,32,2024-01-02 15:39:00
15946,DDU,41,39.0,29,47.0,69,32,2024-01-02 16:29:00
15946,MZP,42,29.0,47,82.0,180,32,2024-01-02 17:47:00
15946,PCOI,43,47.0,82,114.0,208,32,2024-01-02 19:22:00
15946,STA,44,82.0,114,139.0,250,32,2024-01-02 20:54:00
15946,MYR,45,114.0,139,130.0,179,32,2024-01-02 22:19:00
15946,KTE,46,139.0,130,141.0,148,32,2024-01-02 23:10:00
15946,JBP,47,130.0,141,161.0,116,32,2024-01-03 00:21:00
15946,PPI,48,141.0,161,142.0,216,32,2024-01-03 01:41:00
15946,ET,49,161.0,142,173.0,91,32,2024-01-03 02:22:00
15946,HD,50,142.0,173,159.0,106,32,2024-01-03 03:53:00
15946,KNW,51,173.0,159,162.0,143,32,2024-01-03 04:39:00
15946,BAU,52,159.0,162,163.0,20,32,2024-01-03 05:42:00
15946,BSL,53,162.0,163,177.0,46,32,2024-01-03 06:43:00
15946,MMR,54,163.0,177,176.0,170,32,2024-01-03 07:57:00
15946,NK,55,177.0,176,184.0,196,32,2024-01-03 08:56:00
15946,KYN,56,176.0,184,159.0,153,32,2024-01-03 10:04:00
15946,TNA,57,184.0,159,160.0,259,32,2024-01-03 10:39:00
15960,DBRG,1,0.0,9,12.0,67,33,2024-01-01 00:09:00
15960,NTSK,2,9.0,12,16.0,205,33,2024-01-01 01:12:00
15960,DJG,3,12.0,16,26.0,73,33,2024-01-01 02:16:00
15960,NHK,4,16.0,26,19.0,192,33,2024-01-01 03:26:00
15960,NAM,5,26.0,19,28.0,181,33,2024-01-01 04:19:00
15960,BOJ,6,19.0,28,35.0,40,33,2024-01-01 05:28:00
15960,SLGR,7,28.0,35,25.0,241,33,2024-01-01 06:35:00
15960,AGI,8,35.0,25,29.0,4,33,2024-01-01 07:25:00
15960,MXN,9,25.0,29,14.0,177,33,2024-01-01 08:29:00
15960,FKG,10,29.0,14,27.0,93,33,2024-01-01 09:14:00
15960,BXP,11,14.0,27,31.0,55,33,2024-01-01 10:27:00
15960,SZR,12,27.0,31,43.0,253,33,2024-01-01 11:31:00
15960,DMV,13,31.0,43,38.0,80,33,2024-01-01 12:43:00
15960,DPU,14,43.0,38,33.0,82,33,2024-01-01 13:38:00
15960,LMG,15,38.0,33,29.0,160,33,2024-01-01 14:33:00
15960,LKA,16,33.0,29,31.0,156,33,2024-01-01 15:29:00
15960,HJI,17,29.0,31,36.0,108,33,2024-01-01 16:31:00
15960,CPK,18,31.0,36,37.0,64,33,2024-01-01 17:36:00
15960,GHY,19,36.0,37,38.0,100,33,2024-01-01 18:37:00
15960,KYQ,20,37.0,38,39.0,154,33,2024-01-01 19:38:00
15960,RNY,21,38.0,39,48.0,227,33,2024-01-01 20:39:00
15960,NLV,22,39.0,48,54.0,199,33,2024-01-01 21:48:00
15960,TIHU,23,48.0,54,62.0,258,33,2024-01-01 22:54:00
15960,PBL,24,54.0,62,72.0,207,33,2024-01-02 00:02:00
15960,BPRD,25,62.0,72,72.0,42,33,2024-01-02 01:12:00
15960,SBE,26,72.0,72,69.0,233,33,2024-01-02 02:12:00
15960,BNGN,27,72.0,69,48.0,37,33,2024-01-02 03:09:00
15960,NBQ,28,69.0,48,52.0,183,33,2024-01-02 03:48:00
15960,KOJ,29,48.0,52,55.0,145,33,2024-01-02 04:52:00
15960,FKM,30,52.0,55,68.0,94,33,2024-01-02 05:55:00
15960,KAMG,31,55.0,68,69.0,130,33,2024-01-02 07:08:00
15960,NOQ,32,68.0,69,71.0,203,33,2024-01-02 08:09:00
15960,NCB,33,69.0,71,74.0,184,33,2024-01-02 09:11:00
15960,FLK,34,71.0,74,70.0,95,33,2024-01-02 10:14:00
15960,DQG,35,74.0,70,71.0,83,33,2024-01-02 11:10:00
15960,NMX,36,70.0,71,75.0,200,33,2024-01-02 12:11:00
15960,JPE,37,71.0,75,45.0,126,33,2024-01-02 13:15:00
15960,NJP,38,75.0,45,56.0,195,33,2024-01-02 13:45:00
15960,AUB,39,45.0,56,61.0,13,33,2024-01-02 14:56:00
15960,KNE,40,56.0,61,71.0,141,33,2024-01-02 16:01:00
15960,HCR,41,61.0,71,60.0,105,33,2024-01-02 17:11:00
15960,SM,42,71.0,60,39.0,242,33,2024-01-02 18:00:00
15960,MLDT,43,60.0,39,42.0,169,33,2024-01-02 18:39:00
15960,NFK,44,39.0,42,42.0,187,33,2024-01-02 19:42:00
15960,DGLE,45,42.0,42,42.0,71,33,2024-01-02 20:42:00
15960,NILE,46,42.0,42,45.0,194,33,2024-01-02 21:42:00
15960,JRLE,47,42.0,45,39.0,127,33,2024-01-02 22:45:00
15960,AZ,48,45.0,39,42.0,15,33,2024-01-02 23:39:00
15960,KGLE,49,39.0,42,47.0,133,33,2024-01-03 00:42:00
15960,SALE,50,42.0,47,39.0,232,33,2024-01-03 01:47:00
15960,KWAE,51,47.0,39,40.0,151,33,2024-01-03 02:39:00
15960,NDAE,52,39.0,40,42.0,185,33,2024-01-03 03:40:00
15960,ABKA,53,40.0,42,40.0,0,33,2024-01-03 04:42:00
15960,BDC,54,42.0,40,13.0,23,33,2024-01-03 05:40:00
20501,AGTL,1,0.0,11,23.0,5,34,2024-01-01 00:11:00
20501,ABSA,2,11.0,23,18.0,1,34,2024-01-01 01:23:00
20501,DMR,3,23.0,18,17.0,79,34,2024-01-01 02:18:00
20501,NKMG,4,18.0,17,23.0,197,34,2024-01-01 03:17:00
20501,BPB,5,17.0,23,22.0,41,34,2024-01-01 04:23:00
20501,HJI,6,23.0,22,25.0,108,34,2024-01-01 05:22:00
20501,GHY,7,22.0,25,29.0,100,34,2024-01-01 06:25:00
20501,RNY,8,25.0,29,43.0,227,34,2024-01-01 07:29:00
20501,BPRD,9,29.0,43,47.0,42,34,2024-01-01 08:43:00
20501,NJP,10,43.0,47,44.0,195,34,2024-01-01 09:47:00
20501,MLDT,11,47.0,44,41.0,169,34,2024-01-01 10:44:00
20501,BGP,12,44.0,41,41.0,25,34,2024-01-01 11:41:00
20501,JMP,13,41.0,41,43.0,124,34,2024-01-01 12:41:00
20501,PNBE,14,41.0,43,55.0,214,34,2024-01-01 13:43:00
20501,KIR,15,43.0,55,70.0,136,34,2024-01-01 14:55:00
20501,BJU,16,55.0,70,57.0,32,34,2024-01-01 16:10:00
20501,PPTA,17,70.0,57,50.0,217,34,2024-01-01 16:57:00
20501,DDU,18,57.0,50,89.0,69,34,2024-01-01 17:50:00
20501,CNB,19,50.0,89,98.0,62,34,2024-01-01 19:29:00
20503,DBRG,1,0.0,5,14.0,67,35,2024-01-01 00:05:00
20503,MRHT,2,5.0,14,13.0,172,35,2024-01-01 01:14:00
20503,SLGR,3,14.0,13,16.0,241,35,2024-01-01 02:13:00
20503,MXN,4,13.0,16,20.0,177,35,2024-01-01 03:16:00
20503,DMV,5,16.0,20,17.0,80,35,2024-01-01 04:20:00
20503,LMG,6,20.0,17,11.0,160,35,2024-01-01 05:17:00
20503,GHY,7,17.0,11,13.0,100,35,2024-01-01 06:11:00
20503,BNGN,8,11.0,13,25.0,37,35,2024-01-01 07:13:00
20503,NBQ,9,13.0,25,24.0,183,35,2024-01-01 08:25:00
20503,KOJ,10,25.0,24,37.0,145,35,2024-01-01 09:24:00
20503,NOQ,11,24.0,37,38.0,203,35,2024-01-01 10:37:00
20503,NCB,12,37.0,38,30.0,184,35,2024-01-01 11:38:00
20503,NJP,13,38.0,30,42.0,195,35,2024-01-01 12:30:00
20503,KNE,14,30.0,42,34.0,141,35,2024-01-01 13:42:00
20503,KIR,15,42.0,34,29.0,136,35,2024-01-01 14:34:00
20503,SPJ,16,34.0,29,35.0,245,35,2024-01-01 15:29:00
20503,MFP,17,29.0,35,33.0,166,35,2024-01-01 16:35:00
20503,HJP,18,35.0,33,28.0,109,35,2024-01-01 17:33:00
20503,CPR,19,33.0,28,38.0,65,35,2024-01-01 18:28:00
20503,BUI,20,28.0,38,31.0,51,35,2024-01-01 19:38:00
20503,BSB,21,38.0,31,34.0,45,35,2024-01-01 20:31:00
20503,LKO,22,31.0,34,42.0,157,35,2024-01-01 21:34:00
20503,BE,23,34.0,42,39.0,24,35,2024-01-01 22:42:00
20503,MB,24,42.0,39,43.0,163,35,2024-01-01 23:39:00
20504,NDLS,1,0.0,1,11.0,186,36,2024-01-01 00:01:00
20504,MB,2,1.0,11,30.0,163,36,2024-01-01 01:11:00
20504,BE,3,11.0,30,35.0,24,36,2024-01-01 02:30:00
20504,LKO,4,30.0,35,34.0,157,36,2024-01-01 03:35:00
20504,BSB,5,35.0,34,47.0,45,36,2024-01-01 04:34:00
20504,BUI,6,34.0,47,53.0,51,36,2024-01-01 05:47:00
20504,CPR,7,47.0,53,50.0,65,36,2024-01-01 06:53:00
20504,HJP,8,53.0,50,57.0,109,36,2024-01-01 07:50:00
20504,MFP,9,50.0,57,52.0,166,36,2024-01-01 08:57:00
20504,SPJ,10,57.0,52,48.0,245,36,2024-01-01 09:52:00
20504,KIR,11,52.0,48,68.0,136,36,2024-01-01 10:48:00
20504,KNE,12,48.0,68,57.0,141,36,2024-01-01 12:08:00
20504,NJP,13,68.0,57,47.0,195,36,2024-01-01 12:57:00
20504,NCB,14,57.0,47,44.0,184,36,2024-01-01 13:47:00
20504,NOQ,15,47.0,44,57.0,203,36,2024-01-01 14:44:00
20504,KOJ,16,44.0,57,45.0,145,36,2024-01-01 15:57:00
20504,NBQ,17,57.0,45,85.0,183,36,2024-01-01 16:45:00
20504,GHY,18,45.0,85,83.0,100,36,2024-01-01 18:25:00
20504,LMG,19,85.0,83,109.0,160,36,2024-01-01 19:23:00
20504,DMV,20,83.0,109,69.0,80,36,2024-01-01 20:49:00
20504,MXN,21,109.0,69,72.0,177,36,2024-01-01 21:09:00
20504,SLGR,22,69.0,72,70.0,241,36,2024-01-01 22:12:00
20504,MRHT,23,72.0,70,59.0,172,36,2024-01-01 23:10:00
22449,GHY,1,0.0,5,38.0,100,37,2024-01-01 00:05:00
22449,GLPT,2,5.0,38,18.0,102,37,2024-01-01 01:38:00
22449,NBQ,3,38.0,18,36.0,183,37,2024-01-01 02:18:00
22449,NJP,4,18.0,36,50.0,195,37,2024-01-01 03:36:00
22449,KNE,5,36.0,50,21.0,141,37,2024-01-01 04:50:00
22449,KIR,6,50.0,21,34.0,136,37,2024-01-01 05:21:00
22449,BJU,7,21.0,34,24.0,32,37,2024-01-01 06:34:00
22449,PPTA,8,34.0,24,28.0,217,37,2024-01-01 07:24:00
22449,DDU,9,24.0,28,70.0,69,37,2024-01-01 08:28:00
22449,PRYJ,10,28.0,70,92.0,219,37,2024-01-01 10:10:00
22449,CNB,11,70.0,92,101.0,62,37,2024-01-01 11:32:00
22450,NDLS,1,0.0,17,82.0,186,38,2024-01-01 00:17:00
22450,CNB,2,17.0,82,107.0,62,38,2024-01-01 02:22:00
22450,PRYJ,3,82.0,107,109.0,219,38,2024-01-01 03:47:00
22450,DDU,4,107.0,109,131.0,69,38,2024-01-01 04:49:00
22450,PPTA,5,109.0,131,177.0,217,38,2024-01-01 06:11:00
22450,BJU,6,131.0,177,143.0,32,38,2024-01-01 07:57:00
22450,KIR,7,177.0,143,166.0,136,38,2024-01-01 08:23:00
22450,KNE,8,143.0,166,171.0,141,38,2024-01-01 09:46:00
22450,NJP,9,166.0,171,179.0,195,38,2024-01-01 10:51:00
22450,NBQ,10,171.0,179,187.0,183,38,2024-01-01 11:59:00
22450,GLPT,11,179.0,187,150.0,102,38,2024-01-01 13:07:00
22501,SMVB,1,0.0,11,27.0,243,39,2024-01-01 00:11:00
22501,KJM,2,11.0,27,35.0,138,39,2024-01-01 01:27:00
22501,BWT,3,27.0,35,23.0,54,39,2024-01-01 02:35:00
22501,JTJ,4,35.0,23,19.0,129,39,2024-01-01 03:23:00
22501,KPD,5,23.0,19,23.0,147,39,2024-01-01 04:19:00
22501,PER,6,19.0,23,44.0,209,39,2024-01-01 05:23:00
22501,NLR,7,23.0,44,48.0,198,39,2024-01-01 06:44:00
22501,OGL,8,44.0,48,51.0,206,39,2024-01-01 07:48:00
22501,BZA,9,48.0,51,87.0,57,39,2024-01-01 08:51:00
22501,RJY,10,51.0,87,103.0,225,39,2024-01-01 10:27:00
22501,VSKP,11,87.0,103,113.0,265,39,2024-01-01 11:43:00
22501,VZM,12,103.0,113,106.0,266,39,2024-01-01 12:53:00
22501,BAM,13,113.0,106,123.0,18,39,2024-01-01 13:46:00
22501,KUR,14,106.0,123,129.0,150,39,2024-01-01 15:03:00
22501,BBS,15,123.0,129,122.0,22,39,2024-01-01 16:09:00
22501,CTC,16,129.0,122,144.0,66,39,2024-01-01 17:02:00
22501,BLS,17,122.0,144,158.0,35,39,2024-01-01 18:24:00
22501,KGP,18,144.0,158,169.0,134,39,2024-01-01 19:38:00
22501,DKAE,19,158.0,169,210.0,74,39,2024-01-01 20:49:00
22501,BHP,20,169.0,210,236.0,29,39,2024-01-01 22:30:00
22501,RPH,21,210.0,236,231.0,230,39,2024-01-01 23:56:00
22501,MLDT,22,236.0,231,266.0,169,39,2024-01-02 00:51:00
22501,KNE,23,231.0,266,266.0,141,39,2024-01-02 02:26:00
22501,NJP,24,266.0,266,252.0,195,39,2024-01-02 03:26:00
22501,JPE,25,266.0,252,272.0,126,39,2024-01-02 04:12:00
22501,NCB,26,252.0,272,270.0,184,39,2024-01-02 05:32:00
22501,NOQ,27,272.0,270,251.0,203,39,2024-01-02 06:30:00
22501,NBQ,28,270.0,251,256.0,183,39,2024-01-02 07:11:00
22501,GLPT,29,251.0,256,254.0,102,39,2024-01-02 08:16:00
22501,GHY,30,256.0,254,281.0,100,39,2024-01-02 09:14:00
22501,LMG,31,254.0,281,290.0,160,39,2024-01-02 10:41:00
22501,DPU,32,281.0,290,298.0,82,39,2024-01-02 11:50:00
22501,DMV,33,290.0,298,283.0,80,39,2024-01-02 12:58:00
22501,FKG,34,298.0,283,250.0,93,39,2024-01-02 13:43:00
22501,MXN,35,283.0,250,259.0,177,39,2024-01-02 14:10:00
22501,SLGR,36,250.0,259,249.0,241,39,2024-01-02 15:19:00
22501,SRTN,37,259.0,249,248.0,247,39,2024-01-02 16:09:00
22501,MRHT,38,249.0,248,261.0,172,39,2024-01-02 17:08:00
22501,DBRG,39,248.0,261,250.0,67,39,2024-01-02 18:21:00
22502,NTSK,1,0.0,13,21.0,205,40,2024-01-01 00:13:00
22502,DBRG,2,13.0,21,33.0,67,40,2024-01-01 01:21:00
22502,MRHT,3,21.0,33,29.0,172,40,2024-01-01 02:33:00
22502,SRTN,4,33.0,29,27.0,247,40,2024-01-01 03:29:00
22502,SLGR,5,29.0,27,28.0,241,40,2024-01-01 04:27:00
22502,MXN,6,27.0,28,18.0,177,40,2024-01-01 05:28:00
22502,FKG,7,28.0,18,43.0,93,40,2024-01-01 06:18:00
22502,DMV,8,18.0,43,45.0,80,40,2024-01-01 07:43:00
22502,DPU,9,43.0,45,36.0,82,40,2024-01-01 08:45:00
22502,LMG,10,45.0,36,22.0,160,40,2024-01-01 09:36:00
22502,GHY,11,36.0,22,62.0,100,40,2024-01-01 10:22:00
22502,GLPT,12,22.0,62,49.0,102,40,2024-01-01 12:02:00
22502,NBQ,13,62.0,49,66.0,183,40,2024-01-01 12:49:00
22502,NOQ,14,49.0,66,76.0,203,40,2024-01-01 14:06:00
22502,NCB,15,66.0,76,57.0,184,40,2024-01-01 15:16:00
22502,JPE,16,76.0,57,49.0,126,40,2024-01-01 15:57:00
22502,NJP,17,57.0,49,75.0,195,40,2024-01-01 16:49:00
22502,KNE,18,49.0,75,43.0,141,40,2024-01-01 18:15:00
22502,MLDT,19,75.0,43,53.0,169,40,2024-01-01 18:43:00
22502,RPH,20,43.0,53,63.0,230,40,2024-01-01 19:53:00
22502,BHP,21,53.0,63,88.0,29,40,2024-01-01 21:03:00
22502,DKAE,22,63.0,88,89.0,74,40,2024-01-01 22:28:00
22502,KGP,23,88.0,89,90.0,134,40,2024-01-01 23:29:00
22502,BLS,24,89.0,90,114.0,35,40,2024-01-02 00:30:00
22502,CTC,25,90.0,114,114.0,66,40,2024-01-02 01:54:00
22502,BBS,26,114.0,114,117.0,22,40,2024-01-02 02:54:00
22502,KUR,27,114.0,117,131.0,150,40,2024-01-02 03:57:00
22502,BAM,28,117.0,131,124.0,18,40,2024-01-02 05:11:00
22502,VZM,29,131.0,124,125.0,266,40,2024-01-02 06:04:00
22502,VSKP,30,124.0,125,158.0,265,40,2024-01-02 07:05:00
22502,RJY,31,125.0,158,175.0,225,40,2024-01-02 08:38:00
22502,BZA,32,158.0,175,184.0,57,40,2024-01-02 09:55:00
22502,OGL,33,175.0,184,196.0,206,40,2024-01-02 11:04:00
22502,NLR,34,184.0,196,210.0,198,40,2024-01-02 12:16:00
22502,PER,35,196.0,210,206.0,209,40,2024-01-02 13:30:00
22502,KPD,36,210.0,206,208.0,147,40,2024-01-02 14:26:00
22502,JTJ,37,206.0,208,209.0,129,40,2024-01-02 15:28:00
22502,KJM,38,208.0,209,168.0,138,40,2024-01-02 16:29:00
22512,KYQ,1,0.0,6,23.0,154,41,2024-01-01 00:06:00
22512,NBQ,2,6.0,23,49.0,183,41,2024-01-01 01:23:00
22512,APDJ,3,23.0,49,44.0,10,41,2024-01-01 02:49:00
22512,HSA,4,49.0,44,37.0,113,41,2024-01-01 03:44:00
22512,SGUJ,5,44.0,37,48.0,239,41,2024-01-01 04:37:00
22512,NJP,6,37.0,48,49.0,195,41,2024-01-01 05:48:00
22512,MLDT,7,48.0,49,51.0,169,41,2024-01-01 06:49:00
22512,PKR,8,49.0,51,55.0,212,41,2024-01-01 07:51:00
22512,RPH,9,51.0,55,60.0,230,41,2024-01-01 08:55:00
22512,BHP,10,55.0,60,58.0,29,41,2024-01-01 10:00:00
22512,BWN,11,60.0,58,72.0,53,41,2024-01-01 10:58:00
22512,DKAE,12,58.0,72,90.0,74,41,2024-01-01 12:12:00
22512,KGP,13,72.0,90,125.0,134,41,2024-01-01 13:30:00
22512,TATA,14,90.0,125,141.0,254,41,2024-01-01 15:05:00
22512,CKP,15,125.0,141,165.0,60,41,2024-01-01 16:21:00
22512,ROU,16,141.0,165,179.0,229,41,2024-01-01 17:45:00
22512,JSG,17,165.0,179,199.0,128,41,2024-01-01 18:59:00
22512,RIG,18,179.0,199,143.0,224,41,2024-01-01 20:19:00
22512,KHS,19,199.0,143,220.0,135,41,2024-01-01 20:23:00
22512,BSP,20,143.0,220,242.0,47,41,2024-01-01 22:40:00
22512,R,21,220.0,242,279.0,223,41,2024-01-02 00:02:00
22512,G,22,242.0,279,288.0,98,41,2024-01-02 01:39:00
22512,NGP,23,279.0,288,272.0,189,41,2024-01-02 02:48:00
22512,AK,24,288.0,272,292.0,8,41,2024-01-02 03:32:00
22512,BSL,25,272.0,292,313.0,46,41,2024-01-02 04:52:00
22512,MMR,26,292.0,313,336.0,170,41,2024-01-02 06:13:00
22512,KYN,27,313.0,336,419.0,153,41,2024-01-02 07:36:00
22512,TNA,28,336.0,419,289.0,259,41,2024-01-02 09:59:00
